[
 {
   "নাম": "আল্লাহ",
   "অর্থ": "আল্লাহ",
   "আরবি": "الله",
   "ফজিলত": "প্রত্যহ ১০০০ বার এই নামের যিকির করলে ঈমান দৃঢ় ও মযবুত হয়।  "
 },
 {
   "নাম": "আর রাহমান",
   "অর্থ": "পরম দয়ালু",
   "আরবি": "الرحمن",
   "ফজিলত": "প্রত্যেক নামাযের পর ১০০ বার পড়লে, ইনশাআল্লাহ্‌ তার অন্তর থেকে সব ধরনের কঠোরতা ও অলসতা দূর হয়ে যাবে।  "
 },
 {
   "নাম": "আর-রহী'ম",
   "অর্থ": "অতিশয়-মেহেরবান",
   "আরবি": "الرحيم",
   "ফজিলত": "প্রত্যেক নামাযের পর ১০০ বার করে পাঠ করলে, ইনশাআল্লাহ্‌ পৃথিবীর সকল বিপদ আপদ থেকে নিরাপদ থাকবে।"
 },
 {
   "নাম": "আল-মালিক",
   "অর্থ": "সর্বকর্তৃত্বময়",
   "আরবি": "الملك",
   "ফজিলত": "ফযরের নামাজের পর অধিকহারে পাঠ করবে, আল্লাহ্‌ তায়ালা তাকে ধনবান করে দিবেন। "
 },
 {
   "নাম": "আল-কুদ্দুস",
   "অর্থ": "নিষ্কলুষ, অতি পবিত্র",
   "আরবি": "القدوس",
   "ফজিলত": "প্রত্যহ শেষ রাতে (উয়া কুদ্দূসু) নামুটি ১০০০ বার পড়লে রোগ ব্যধি থেকে মুক্ত থাকা যায়।  "
 },
 {
   "নাম": "আস-সালাম",
   "অর্থ": "নিরাপত্তা-দানকারী, শান্তি-দানকারী",
   "আরবি": "السلام",
   "ফজিলত": "এই নামটি ১১৫ বার কোন রুগির উপর পরে ফু দিবে, তাহলে আল্লাহ তায়ালা তাকে সুস্থতা ও আরোগ্য দান করবেন।  "
 },
 {
   "নাম": "আল-মু'মিন",
   "অর্থ": "নিরাপত্তা ও ঈমান দানকারী",
   "আরবি": "المؤمن",
   "ফজিলত": "যে ব্যক্তি কোন ভয়-ভীতির সময় ৬৩০ বার এ নামটি পাঠ করবে, ইনশাআল্লাহ্‌ সে সব ধরনের ভয়-ভীতি ও অনিষ্ঠ থেকে নিরাপদ থাকবে। যে ব্যক্তি এ নামটি পাঠ করবে বা লিখে নিজের সাথে রাখবে, আল্লাহ্‌ তায়ালা তাকে শয়তানের অনিষ্ঠ থেকে রক্ষা করবেন।  "
 },
 {
   "নাম": "আল-মুহাইমিন",
   "অর্থ": "পরিপূর্ন রক্ষণাবেক্ষণকারী",
   "আরবি": "المهيمن",
   "ফজিলত": "যে ব্যক্তি গোসল করে ১১৫ বার এ নামটি পরবে, গোপন বিষয়াদি উপর অবগত হবে। সর্বদা পরলে সব বিপদ থেকে মুক্তি পাবে। "
 },
 {
   "নাম": "আল-আ'জীজ",
   "অর্থ": "পরাক্রমশালী, অপরাজেয়",
   "আরবি": "العزيز",
   "ফজিলত": "৪০ দিন পর্যন্ত যে ব্যক্তি এ নামটি ৪০ বার পাঠ করবে, আল্লাহ তাকে সম্মানী ও অমুখাপেক্ষী বানিয়ে দিবেন। "
 },
 {
   "নাম": "আল-জাব্বার",
   "অর্থ": "দুর্নিবার",
   "আরবি": "الجبار",
   "ফজিলত": "যে ব্যক্তি প্রতি দিন সকাল-বিকাল ২২৬ বার পড়লে যাবতীয় জুলুম থেকে মুক্তিপাবে।  "
 },
 {
   "নাম": "আল-মুতাকাব্বিইর",
   "অর্থ": "নিরঙ্কুশ শ্রেষ্ঠত্বের অধিকারী",
   "আরবি": "المتكبر",
   "ফজিলত": "এই নাম সর্বদা পড়লে মান সম্মান বৃদ্ধি পায় ও উন্নতি লাভ হয়।  "
 },
 {
   "নাম": "আল-খালিক্ব",
   "অর্থ": "সৃষ্টিকর্তা",
   "আরবি": "الخالق",
   "ফজিলত": "যে ব্যক্তি সাত দিন পর্যন্ত ধারাবাহিক ১০০ বার এ নামটি পাঠ করবে, ইনশাআল্লাহ্‌ সকল বিপদআপদ থেকে নিরাপদ থাকবে। "
 },
 {
   "নাম": "আল-বারী",
   "অর্থ": "সঠিকভাবে সৃষ্টিকারী",
   "আরবি": "البارئ",
   "ফজিলত": "বন্ধ্যা নারী যদি সাতদিন রোযা রাখে এবং পানি দ্বারা ইফতার করার পর (ইয়া বারী-উল মুছউইর) ২১ বার পাঠ করবে, তাহলে ইনশাআল্লাহ্‌ তার পুত্র সন্তান লাভ হবে।  "
 },
 {
   "নাম": "আল-মুছউইর",
   "অর্থ": "আকৃতি-দানকারী",
   "আরবি": "المصور",
   "ফজিলত": "বন্ধ্যা নারী যদি সাতদিন রোযা রাখে এবং পানি দ্বারা ইফতার করার পর (ইয়া বারী-উল মুছউইর) ২১ বার পাঠ করবে, তাহলে ইনশাআল্লাহ্‌ তার পুত্র সন্তান লাভ হবে। "
 },
 {
   "নাম": "আল-গফ্ফার",
   "অর্থ": "পরম ক্ষমাশীল",
   "আরবি": "الغفار",
   "ফজিলত": "জুম্মার নামাযের পর ১০০ বার পড়লে গুনাহ মাফ হয় ও অভাব দূর হয়।  "
 },
 {
   "নাম": "আল-ক্বাহার",
   "অর্থ": "কঠোর",
   "আরবি": "القهار",
   "ফজিলত": "ক্রমাগত আল্লাহ্‌র এই নাম পাঠ করলে, পার্থিব ভালবাসা থেকে আপনি মুক্তি পাবেন এবং পরিবর্তে আল্লাহ্‌র ভালবাসা আপানার হৃদয়ে সহজাত হয়ে যাবে। ইনশাআল্লাহ্‌ "
 },
 {
   "নাম": "আল-ওয়াহ্হাব",
   "অর্থ": "সবকিছু দানকারী",
   "আরবি": "الوهاب",
   "ফজিলত": "চাশতের নামাযের পর সেজদায় গিয়ে ১০০ বার পড়লে অর্থ ও প্রভাব বৃদ্ধি পায়।   "
 },
 {
   "নাম": "আর-রজ্জাক্ব",
   "অর্থ": "রিযকদাতা",
   "আরবি": "الرزاق",
   "ফজিলত": "ফজরের নামাযের পূবে এই নামের যিকির করলে রিযিক বৃদ্ধি পায়। "
 },
 {
   "নাম": "আল ফাত্তাহ",
   "অর্থ": "বিজয়দানকারী",
   "আরবি": "الفتاح",
   "ফজিলত": "ফযরের নামাজের পর দুই হাত বুকের উপর রেখে ৭০ বার এই নাম পাঠ করলে, ইনশাআল্লাহ্‌ তার অন্তর ঈমানের জ্যোতি দ্বারা আলোকিত হবে।   "
 },
 {
   "নাম": "আল-আ'লীম",
   "অর্থ": "সর্বজ্ঞ",
   "আরবি": "العليم",
   "ফজিলত": "এ নাম সর্বদা পড়লে জ্ঞান বৃদ্ধি পায় গুনাহ মাফ হয় ও মনের কপাট খুলে যায়।  "
 },
 {
   "নাম": "আল-ক্ববিদ্ব'",
   "অর্থ": "সংকীর্ণকারী",
   "আরবি": "القابض",
   "ফজিলত": "যে ব্যক্তি ৪০ দিন এই নামটি ৪ টুকরা রুটির উপর লিখে খাবে, তিনি ক্ষুদা, পিপাসা ও ব্যথা বেদনা থেকে রক্ষা পাবে।"
 },
 {
   "নাম": "আল-বাসিত",
   "অর্থ": "প্রশস্তকারী",
   "আরবি": "الباسط",
   "ফজিলত": "প্রতিদিন নামাজের পর মুনাজাত করে ১০ বার আল্লাহ্‌র এই নাম পাঠ করেন, আল্লাহ্‌ তায়ালা তাকে ধনী বনিয়ে দিবেন এবং কখন কার মুখাপেক্ষী হবে না। "
 },
 {
   "নাম": "আল-খফিদ্বু",
   "অর্থ": "অবনতকারী",
   "আরবি": "الخافض",
   "ফজিলত": "প্রত্যহ ৫০০ বার এ নামের ‍পাঠ করলে আল্লাহ্‌ তায়ালা তার প্রয়োজন পূর্ণ করবেন ও সকল সমস্যা দূর করে দিবেন।  "
 },
 {
   "নাম": "আর-রফীই'",
   "অর্থ": "উন্নতকারী",
   "আরবি": "الرافع",
   "ফজিলত": "১০০ বার পড়লে, আল্লাহ্‌ আপানকে স্বয়ংসম্পূর্ণতা এবং সমগ্র সৃষ্টির স্বাধীনতা প্রদান করা হবে। ইনশাআল্লাহ্‌"
 },
 {
   "নাম": "আল-মুই'জ্ব",
   "অর্থ": "সম্মান-দানকারী",
   "আরবি": "المعز",
   "ফজিলত": "প্রতি সোমবার ও শুক্রুবার মাগরিব নামাজ পরে এই নাম্ ৪০ বার পড়লে মর্যাদা বৃদ্ধি পায় ও সকলের নিকট সম্মানের পাত্র হয়।"
 },
 {
   "নাম": "আল-মুদ্বি'ল্লু",
   "অর্থ": "(অবিশ্বাসীদের) বেইজ্জতকারী",
   "আরবি": "المذل",
   "ফজিলত": "নামাযের পর সেজদায় গিয়ে ৭৫ বার পড়ে দোয়া করলে শত্রুতা হতে মুক্তি পাওয়া যায় ।  "
 },
 {
   "নাম": "আস্-সামিই'",
   "অর্থ": "সর্বশ্রোতা",
   "আরবি": "السميع",
   "ফজিলত": "শুক্রুবার চাশতের পর ৫০০/১০০/৫০ বার পড়ে দোয়া করলে দোয়া কবুল হয়।   "
 },
 {
   "নাম": "আল-বাছীর",
   "অর্থ": "সর্ববিষয়-দর্শনকারী",
   "আরবি": "البصير",
   "ফজিলত": "জুম্মার নামাযের পর ১০০ বার পড়লে দৃষ্টিতে আলো ও অন্তরে জ্যোতি সৃষ্টি হবে।  "
 },
 {
   "নাম": "আল-হা'কাম",
   "অর্থ": "অটল বিচারক",
   "আরবি": "الحكم",
   "ফজিলত": "যে ব্যক্তি অধিক হারে পাঠ করবে, আল্লাহ্‌ তালা তার জন্য জ্ঞান-বিজ্ঞানের দ্বার খুলে দিবেন। "
 },
 {
   "নাম": "আল-আ'দল",
   "অর্থ": "পরিপূর্ণ-ন্যায়বিচারক",
   "আরবি": "العدل",
   "ফজিলত": "শুক্রবার রাতে বিশ টুকরা রুটির উপর লিখে খেলে আল্লাহ্‌ তায়ালা সৃষ্টজীবকে তার অনুগত করে দিবেন। "
 },
 {
   "নাম": "আল-লাতীফ",
   "অর্থ": "সকল-গোপন-বিষয়ে-অবগত",
   "আরবি": "اللطيف",
   "ফজিলত": "যে ব্যক্তি ১৩৩ বার পাঠ করবে, ইনশাআল্লাহ্‌ তার খাদ্যে বরকত হবে এবং তার সব কাজ সুন্দরভাবে পূর্ণ হবে। "
 },
 {
   "নাম": "আল-খ'বীর",
   "অর্থ": "সকল ব্যাপারে জ্ঞাত",
   "আরবি": "الخبير",
   "ফজিলত": "৭ দিন পর্যন্ত এ নাম পড়তে থাকলে গোপন তথ্য অবগত হওয়া যায়।   "
 },
 {
   "নাম": "আল-হা'লীম",
   "অর্থ": "অত্যন্ত ধৈর্যশীল",
   "আরবি": "الحليم",
   "ফজিলত": "যে ব্যক্তি এই নামটি কাগজে লিখে, পানিতে এটি ডুবিয়ে রেখে এবং সে পানি শস্য ক্ষেত্রে অথবা কোন জিনিসের উপর ছিটিয়ে দিবে, আল্লাহ্‌ তায়ালা তার ফসল নষ্ট করবেনা, বরং সংরক্ষন করবেন। "
 },
 {
   "নাম": "আল-আ'জীম",
   "অর্থ": "সর্বোচ্চ-মর্যাদাশীল",
   "আরবি": "العظيم",
   "ফজিলত": "নিয়মিত এ নামের যিকির করলে তার মর্যাদা, সম্মান ও শ্রেষ্ঠত্ব লাভ হবে।  "
 },
 {
   "নাম": "আল-গফুর",
   "অর্থ": "পরম ক্ষমাশীল",
   "আরবি": "الغفور",
   "ফজিলত": "অধিকহারে এই নাম পাঠ করলে, সব রোগবালাই, দুঃখ ও দুর্দশা অপসারণ করা হয়, আল্লাহ্‌র দোয়া তার সম্পদ এবং সন্তানাদির উপর পরবে। ইনশাআল্লাহ্‌  "
 },
 {
   "নাম": "আশ্-শাকুর",
   "অর্থ": "গুনগ্রাহী",
   "আরবি": "الشكور",
   "ফজিলত": "কোন ব্যক্তি যদি, আর্থিক, মানসিক, শারীরিক ও আধ্যাত্মিক সমস্যার সম্মুখিন হন, ৪১ বার আল্লাহ্‌ এর এই নাম পাঠ করলে, আল্লাহ্‌ শীঘ্রই উদ্ধার প্রদান করবেন। ইনশাআল্লাহ্‌ "
 },
 {
   "নাম": "আল-আ'লিইউ",
   "অর্থ": "উচ্চ-মর্যাদাশীল",
   "আরবি": "العلي",
   "ফজিলত": "এ নাম সর্বদা পাঠ করলে ও লিখে সঙ্গে রাখলে ইনশাআল্লাহ্‌ মর্যাদার উচ্চতা, সচ্ছলতা ও উদ্দেশ্যে সফলতা লাভ করবে। "
 },
 {
   "নাম": "আল-কাবিইর",
   "অর্থ": "সুমহান",
   "আরবি": "الكبير",
   "ফজিলত": "কোন ব্যক্তি কে যদি তার পদ থেকে বরখাস্ত করা হয়, তাহলে ৭ দিন রোযা রেখে এবং প্রতি দিন এই নাম ১০০০ বার পাঠ করলে, আল্লাহ্‌ তার পদ কে সম্মান এবং মর্যাদা দিয়ে পুনরায় ফিরিয়ে দিবেন। ইনশাআল্লাহ্‌   "
 },
 {
   "নাম": "আল-হা'ফীজ",
   "অর্থ": "সংরক্ষণকারী",
   "আরবি": "الحفيظ",
   "ফজিলত": "যে ব্যক্তি অধিক হারে পাঠ করবে এবং লিখে নিজের কাছে রেখে দিবে, ইনশাআল্লাহ্‌ সে সব ধরনের ভয়-ভীতি ও অনিষ্ঠ থেকে নিরাপদে থাকবে। "
 },
 {
   "নাম": "আল-মুক্বীত",
   "অর্থ": "সকলের জীবনোপকরণ-দানকারী",
   "আরবি": "المقيت",
   "ফজিলত": "৭ বার পড়ে পানিতে ফু দিয়ে সে পানি শিশুকে খাওয়ালে তার কান্না বন্ধ হয়।  "
 },
 {
   "নাম": "আল-হাসীব",
   "অর্থ": "হিসাব-গ্রহণকারী",
   "আরবি": "الحسيب",
   "ফজিলত": "কোন ব্যক্তি যদি কোন মানুষ বা কোন জিনিস কে ভয় পান, তাহলে বৃহস্পতিবার থেকে শুরু আট দিনের জন্য রাতে ও সকালে ৭০ বার এবং ৭০ বার (হাসবিয়াল্লাহুল-সাসিবু) পাঠ করলে, আল্লাহ্‌ তার ভয় ও মন্দ জিনিসের বিরুদ্ধে সুরুক্ষা প্রদান করবে। ইনশাআল্লাহ্‌  "
 },
 {
   "নাম": "আল-জালীল",
   "অর্থ": "পরম মর্যাদার অধিকারী",
   "আরবি": "الجليل",
   "ফজিলত": "এই নামটি মেশক ও জাফরান দিয়ে লিখে নিজের কাছে রাখবে বা ধুয়ে খেলে, তার সম্মান, মহিমা এবং মর্যাদা দিবে। ইনশাআল্লাহ্‌   "
 },
 {
   "নাম": "আল-কারীম",
   "অর্থ": "সুমহান দাতা",
   "আরবি": "الكريم",
   "ফজিলত": "ঘুমানোর পূবে এ নামের যিকির করলে আলেম ও সৎ লোকের মর্যাদা লাভ হয়।"
 },
 {
   "নাম": "আর-রক্বীব",
   "অর্থ": "তত্ত্বাবধায়ক",
   "আরবি": "الرقيب",
   "ফজিলত": "এই নাম ৭ বার প্রতিদিন পাঠ করলে এবং নিজের ও তার পরিবারের উপর ফুঁ দিলে, আল্লাহ্‌ ধ্বংস ও বিপর্যয় থেকে আপনাকে এবং আপনার সম্পদ রক্ষা করবেন। ইনশাআল্লাহ্‌  "
 },
 {
   "নাম": "আল-মুজীব",
   "অর্থ": "জবাব-দানকারী, কবুলকারী",
   "আরবি": "المجيب",
   "ফজিলত": "সর্বদা এই নাম পাঠ করলে আল্লাহ্‌ তায়ালা তার দোয়া কবুল করেন আর নামটি লিখে নিজের কাছে রাখলে সে বিপদ থেকে মুক্তি পাবে।  "
 },
 {
   "নাম": "আল-ওয়াসি'",
   "অর্থ": "সর্ব-ব্যাপী, সর্বত্র-বিরাজমান",
   "আরবি": "الواسع",
   "ফজিলত": "অধিক পরিমাণে এ নামের যিকির করলে আল্লাহ্‌ তায়ালা তাকে প্রকাশ্য ও ভিতরগত অমুখাপেক্ষিতা ও বরকত দান করবে। "
 },
 {
   "নাম": "আল-হাকীম",
   "অর্থ": "পরম-প্রজ্ঞাময়",
   "আরবি": "الحكيم",
   "ফজিলত": "ক্রমাগত এই নাম পাঠ করলে, আল্লাহ্‌ তায়ালা তার জন্য জ্ঞান বিজ্ঞানের দ্বার খুলে দিবেন। "
 },
 {
   "নাম": "আল-ওয়াদুদ",
   "অর্থ": "(বান্দাদের প্রতি) সদয়",
   "আরবি": "الودود",
   "ফজিলত": "১০০ বার পড়ে খাদ্যে ফু দিয়ে স্বামী স্ত্রী থেলে তাদের মধ্যে ভালবাসা সৃষ্টি হয়। "
 },
 {
   "নাম": "আল-মাজীদ",
   "অর্থ": "সকল-মর্যাদার-অধিকারী",
   "আরবি": "المجيد",
   "ফজিলত": "প্রত্যহ সকালে ও সন্ধ্যায় ১০০ বার পড়ে শরীরে ফু দিলে সমাজে মর্যাদা বৃদ্ধি পায়।  "
 },
 {
   "নাম": "আল-বাই'ছ'",
   "অর্থ": "পুনুরুজ্জীবিতকারী",
   "আরবি": "الباعث",
   "ফজিলত": "নিদ্রার পূর্বে বুকের উপর হাত রেখে ১০০০ বার পড়লে জ্ঞান ও হেকমত বৃদ্ধি পায়।  "
 },
 {
   "নাম": "আশ্-শাহীদ",
   "অর্থ": "সর্বজ্ঞ-স্বাক্ষী",
   "আরবি": "الشهيد",
   "ফজিলত": "এ নামের যিকির বেশী বেশী পড়লে অন্তরের খারাপ বাসনা দূর হয়। "
 },
 {
   "নাম": "আল-হা'ক্ব",
   "অর্থ": "পরম সত্য",
   "আরবি": "الحق",
   "ফজিলত": "যদি, পরিবারের কোন সদস্য নিখোঁজ বা পলাতক বা জিনিসপত্র চুরি হয়ে থাকলে, চারকোণ বিশিষ্ট কাগজের চতুষ্কোণে নামটি লিখে সেহরীর সময় হাতের তালুর উপর রেখে আকাশের দিকে উঠিয়ে দোয়া করবে, ইনশাআল্লাহ্‌ যে কোন ব্যক্তি অথবা জিনিস পাওয়া যাবে এবং ক্ষতি থেকে নিরাপদ থাকবে।"
 },
 {
   "নাম": "আল-ওয়াকিল",
   "অর্থ": "পরম নির্ভরযোগ্য কর্ম-সম্পাদনকারী",
   "আরবি": "الوكيل",
   "ফজিলত": "যে ব্যক্তি বিপদ আপদের সময় ভয়ে অধিক হারে এই নামটি পাঠ করবে, ইনশাআল্লাহ্‌ বিপদ আপদ থেকে নিরাপদ থাকবে।"
 },
 {
   "নাম": "আল-ক্বউইউ",
   "অর্থ": "পরম-শক্তির-অধিকারী",
   "আরবি": "القوي",
   "ফজিলত": "জুম্মার পর এ নামের যিকির করলে যুলুম থেকে বাচা যায়। "
 },
 {
   "নাম": "আল-মাতীন",
   "অর্থ": "সুদৃঢ়",
   "আরবি": "المتين",
   "ফজিলত": "যে কোন ভদ্রমহিলা এর বুকের দুধের না থাকলে এক টুকরো কাগজের উপর আল্লাহ্‌ এর এই নাম লিখে পানিতে ডুবিয়ে রেখে তারপর এটি পান করলে তার বুকের মধ্যে দুধ আসবে ইনশাআল্লাহ্‌"
 },
 {
   "নাম": "আল-ওয়ালিইউ",
   "অর্থ": "অভিভাবক ও সাহায্যকারী",
   "আরবি": "الولي",
   "ফজিলত": "যে ব্যক্তি অধিক হারে এই নামটি পড়বে সে সৃষ্ট জীবের গোপন তথ্য সম্পর্কে জানবে।"
 },
 {
   "নাম": "আল-হা'মীদ",
   "অর্থ": "সকল প্রশংসার অধিকারী",
   "আরবি": "الحميد",
   "ফজিলত": "যে ব্যক্তি ৪৫ দিন পর্যন্ত ধারাবাহিক ৯৩ বার নির্জনতায় নামটি পাঠ করবে, ইনশাআল্লাহ্‌ সকল অসৎ স্বভাব দূর হয়ে যাবে এবং তার থেকে উত্তম কার্যাবলী প্রকাশ পাবে। "
 },
 {
   "নাম": "আল-মুহছী",
   "অর্থ": "সকল সৃষ্টির ব্যপারে অবগত",
   "আরবি": "المحصي",
   "ফজিলত": "যে ব্যক্তি রুটির ২০ টি টুকরোর উপর প্রতিদিন ২০ বার এই নামটি পড়ে ফু দিবে এবং খাবে তাহলে ইনশাআল্লাহ্‌ সৃষ্টি জগত তার অনুগত হয়ে যাবে।"
 },
 {
   "নাম": "আল-মুব্দি'",
   "অর্থ": "প্রথমবার-সৃষ্টিকর্তা",
   "আরবি": "المبدئ",
   "ফজিলত": "যে ব্যক্তি সেহরীর সময় গর্ভবতি নারীর পেটের উপর হাত রেখে ৯৯ বার এই নামটি পাঠ করবে, ইনশাআল্লাহ্‌ না তার গর্ভপাত হবে, না সময়ের আগে বাচ্চা ভূমিষ্ঠ হবে। "
 },
 {
   "নাম": "আল-মুঈ'দ",
   "অর্থ": "পুনরায়-সৃষ্টিকর্তা",
   "আরবি": "المعيد",
   "ফজিলত": "কোন ব্যক্তি হারিয়ে গেলে যখন গৃহের সকল ব্যক্তি ঘুমিয়ে পড়বে তখন হারানো ব্যক্তিকে ফেরত আনার জন্য গৃহের ৪ কোণে ৭০ বার নামটি পড়বে, ইনশাআল্লাহ্‌ হারানো ব্যক্তি ৭ দিনের মধ্যে ফেরত আসবে অথবা তার কোন খবর পাওয়া যাবে।"
 },
 {
   "নাম": "আল-মুহ'য়ী",
   "অর্থ": "জীবন-দানকারী",
   "আরবি": "المحيي",
   "ফজিলত": "যে ব্যক্তি অসুস্থ হবে সে অধিক হারে পাঠ করবে অথবা কোন রোগীর উপর ফু দিবে তাহলে ইনশাআল্লাহ্‌ সুস্থ হয়ে যাবে।"
 },
 {
   "নাম": "আল-মুমীত",
   "অর্থ": "মৃত্যু-দানকারী",
   "আরবি": "المميت",
   "ফজিলত": "যে ব্যক্তি আত্মার নিয়ন্ত্রনে না থাকে সে শয়ন কালে বক্ষদেশে হাত রেখে এই নামটি পড়তে পড়তে ঘুমিয়ে পড়বে। আল্লাহ্‌ চান তো তার নফস বাধ্য ও অনুগত হয়ে যাবে।  "
 },
 {
   "নাম": "আল-হাইয়্যু",
   "অর্থ": "চিরঞ্জীব",
   "আরবি": "الحي",
   "ফজিলত": "যে ব্যক্তি প্রতিদিন ৩০০০ বার এই নামটি পাঠ করবে ইনশাআল্লাহ্‌ সে কখনও অসুস্থ হবেনা।"
 },
 {
   "নাম": "আল-ক্বাইয়্যুম",
   "অর্থ": "সমস্তকিছুর ধারক ও সংরক্ষণকারী",
   "আরবি": "القيوم",
   "ফজিলত": "যে ব্যক্তি এই নামটি শেষ রাতে অধিকবার পড়বে, ইনশাআল্লাহ্‌ মানুষের হৃদয়ে তার মর্যাদা বৃদ্ধি পাবে।"
 },
 {
   "নাম": "আল-ওয়াজিদ",
   "অর্থ": "অফুরন্ত ভান্ডারের অধিকারী",
   "আরবি": "الواجد",
   "ফজিলত": "খাওয়ার সময় পড়লে ওই খাদ্য কলবের শক্তি ও নূর সৃষ্টির সহায়ক হবে। "
 },
 {
   "নাম": "আল-মাজিদ",
   "অর্থ": "শ্রেষ্ঠত্বের অধিকারী",
   "আরবি": "الماجد",
   "ফজিলত": "যে ব্যক্তি নির্জনতায় এই নামটি অধিক পাঠ করলে, ইনশাআল্লাহ্‌ তার অন্তরের ভিতর আল্লাহ্‌ এর জ্যোতি প্রকাশ হতে শুরু করবে।"
 },
 {
   "নাম": "আল-ওয়াহি'দ",
   "অর্থ": "এক ও অদ্বিতীয়",
   "আরবি": "الواحد",
   "ফজিলত": "প্রত্যহ ১০০০ বার পাঠ করলে মন থেকে ভয় ভীতি দূর হয়ে যাবে।।  "
 },
 {
   "নাম": "আছ্-ছমাদ",
   "অর্থ": "অমুখাপেক্ষী",
   "আরবি": "الصمد",
   "ফজিলত": "যে ব্যক্তি ভোর রাতে অথবা কিছু রাত থাকতে সেজদায় মাথা রেখে ১১৫ অথবা ১২৫ বার এই নামটি পড়বে, তার বাহ্যিক ও ভিতরগত ভাবে সত্যবাদিতা লাভ হবে এবং কোন অত্যাচারি দ্বারা পিষ্ট হবেনা।"
 },
 {
   "নাম": "আল-ক্বদির",
   "অর্থ": "সর্বশক্তিমান",
   "আরবি": "القادر",
   "ফজিলত": "যে ব্যক্তি ওজু করার সময় অঙ্গ প্রত্যঙ্গ ধৌত করার সময় প্রতিটি জোড়ার উপর এই নামটি পড়বে, সে কখন জালিমের থাবায় আবদ্ধ হবেনা। কোন শত্রু তার উপর বিজয় লাভ করতে পারবেনা।"
 },
 {
   "নাম": "আল-মুক্ব্তাদির",
   "অর্থ": "নিরঙ্কুশ-সিদ্বান্তের-অধিকারী",
   "আরবি": "المقتدر",
   "ফজিলত": "যদি কেউ এই নামটি সর্বদা পড়ে তবে তার উদাসীনতা স্মরনের দ্বারা পরিবর্তিত হবে। যে ব্যক্তি নিদ্রা থেকে উঠার পর ২০ বার এই নামটি পড়বে, তবে তার সব কাজ ঠিক এবং সমাধান হয়ে যাবে।  "
 },
 {
   "নাম": "আল-মুক্বদ্দিম",
   "অর্থ": "অগ্রসারক",
   "আরবি": "المقدم",
   "ফজিলত": "যে ব্যক্তি যুদ্ধের সময় অধিক হারে পরবে অথবা লিখে নিজের কাছে রাখবে, আল্লাহ্‌ তায়ালা তাকে সামনে অগ্রসর হওয়ার ক্ষমতা দান করবেন এবং শত্রুদের থেকে নিরাপদ রাখবেন। "
 },
 {
   "নাম": "আল-মুয়াক্খির",
   "অর্থ": "অবকাশ দানকারী",
   "আরবি": "المؤخر",
   "ফজিলত": "প্রতিদিন ১০০ বার আল্লাহ্‌ এর নাম পাঠ করলে, তিনি দুর্মূল্য এবং আল্লাহর প্রিয় হয়ে যাবেন । ইনশাআল্লাহ্‌"
 },
 {
   "নাম": "আল-আউয়াল",
   "অর্থ": "সর্বপ্রথম ",
   "আরবি": "الأول",
   "ফজিলত": "কোন ব্যক্তি পুত্র সন্তান এর ইচ্ছা  পোষণ করলে, ৪০ দিনের জন্য ৪০ বার নামটি পাঠ করলে ইনশাআল্লাহ্‌ তার উদ্দেশ্য পুরন হবে। "
 },
 {
   "নাম": "আল-আখির",
   "অর্থ": "অনন্ত, সর্বশেষ",
   "আরবি": "الأخر",
   "ফজিলত": "যে ব্যক্তি প্রতিদিন ১০০০ বার পরবে, তার অন্তর থেকে আল্লাহ্‌ ছাড়া অন্য কিছুর ভালবাসা দূর হয়ে যাবে। "
 },
 {
   "নাম": "আজ-জ'হির",
   "অর্থ": "সম্পূর্নরূপে-প্রকাশিত",
   "আরবি": "الظاهر",
   "ফজিলত": "প্রত্যহ ইশরাক এর পর ৫০০ বার পড়লে চোখের দৃষ্টি শক্তি ও অন্তরে নূর লাভ হয় । "
 },
 {
   "নাম": "আল-বাত্বিন",
   "অর্থ": "দৃষ্টি হতে অদৃশ্য",
   "আরবি": "الباطن",
   "ফজিলত": "প্রত্যহ ৩৩ বার পড়লে গোপন রহস্য জানা যাবে। তার অন্তরে আল্লাহ্‌র ভালবাসা সৃষ্টি হবে। "
 },
 {
   "নাম": "আল-ওয়ালি",
   "অর্থ": "সমস্ত-কিছুর-অনিভাব্ক",
   "আরবি": "الوالي",
   "ফজিলত": "এ নামের নিয়মিত যিকির করলে আল্লাহ বিপদ আপদ থেকে রক্ষা করে । "
 },
 {
   "নাম": "আল-মুতাআ'লি",
   "অর্থ": "সৃষ্টির গুনাবলীর উর্দ্ধে",
   "আরবি": "المتعالي",
   "ফজিলত": "যে ব্যক্তি অধিক বার পরবে, ইনশাআল্লাহ্‌ তার সমস্যা দূর হবে। "
 },
 {
   "নাম": "আল-বার্",
   "অর্থ": "পরম-উপকারী, অণুগ্রহশীল",
   "আরবি": "البر",
   "ফজিলত": "কোন ব্যক্তি ৭ বার আল্লাহ্‌র এই নাম পাঠ করে সন্তান জন্মের পর তার সন্তানের উপর ফুঁ দিলে, আল্লাহ্‌ বিপর্যয় থেকে তার সন্তান কে সুরক্ষা করবে। ইনশাআল্লাহ্‌"
 },
 {
   "নাম": "আত্-তাওয়াব",
   "অর্থ": "তাওবার তাওফিক দানকারী এবং কবুলকারী",
   "আরবি": "التواب",
   "ফজিলত": "চাশতের নামাযের পর সেজদায় গিয়ে এ নামটি ৩০০ বার পড়বে, ইনশাআল্লাহ্‌ তার সত্য তওবা লাভ হবে। যে ব্যাক্তি এ নামটি বার বার পাঠ করবে, তার সকল কর্ম সহজ হবে। যদি কোন অত্যাচারীর উপর ফুঁ দেয়া হয় তবে ইনশাআল্লাহ্‌ তা থেকে মুক্তি লাভ হবে। "
 },
 {
   "নাম": "আল-মুনতাক্বিম",
   "অর্থ": "প্রতিশোধ-গ্রহণকারী",
   "আরবি": "المنتقم",
   "ফজিলত": "যে ব্যক্তি ন্যায়ের উপর থাকে এবং শত্রু থেকে প্রতিশোধ নেয়ার ক্ষমতা না থাকে, সে তিন জুম্মা পর্যন্ত অধিকহারে (ইয়া মুনতাক্বিমু) পড়বে, আল্লাহ তায়ালা স্বয়ং তার থেকে প্রতিশোধ নিয়ে নিবেন। "
 },
 {
   "নাম": "আল-আ'ফঊ",
   "অর্থ": "পরম-উদার",
   "আরবি": "العفو",
   "ফজিলত": "যার প্রচুর গুনাহ আছে, সে লোকটি প্রতিনিয়ত এ নামটি পড়লে আল্লাহ তায়ালা তার গুনাহ ক্ষমা করে দিবেন। "
 },
 {
   "নাম": "আর-রউফ",
   "অর্থ": "পরম-স্নেহশীল",
   "আরবি": "الرؤوف",
   "ফজিলত": "যে ব্যক্তি দশবার দুরুদ শরীফ এবং দশবার এ নামটি পড়বে, তবে ইনশালাআল্লাহ তার ক্রোধ দূর হয়ে যাবে। অন্য রাগান্বিত  ব্যাক্তির উপর ফুঁ দিলে তবে তার রাগ দূর হবে। "
 },
 {
   "নাম": "মালিকুল-মুলক",
   "অর্থ": "সমগ্র জগতের বাদশাহ্",
   "আরবি": "مالك الملك",
   "ফজিলত": "যে ব্যক্তি (ইয়া মালিকাল মুলক) সর্বদা পাঠ করবে, আল্লাহ তায়ালা তাকে লোকদের থেকে অমুখাপেক্ষী করে দিবেন। সে কার মুখাপেক্ষী থাকবে না।  "
 },
 {
   "নাম": "যুল-জালালি-ওয়াল-ইকরাম",
   "অর্থ": "মহিমান্বিত ও দয়াবান সত্তা",
   "আরবি": "ذو الجلال والإكرام",
   "ফজিলত": "যে ব্যক্তি অধিকহারে পড়বে, আল্লাহ তায়ালা তাকে শ্রেষ্ঠত্ব ও সম্মান এবং সৃষ্টজগত থেকে অমুখাপেক্ষীতা দান করবেন। "
 },
 {
   "নাম": "আল-মুক্ব্সিত",
   "অর্থ": "হকদারের হক-আদায়কারী",
   "আরবি": "المقسط",
   "ফজিলত": "যে ব্যাক্তি এ নামটি প্রতিদিন ১০০ বার পড়বে, শয়তানের আনিদিষ্টতা ও কুমন্ত্রণা থেকে নিরাপদ থাকবে। যদি ৭ বার পড়ে তবে সে উদ্দেশ্য অর্জন হবে।  "
 },
 {
   "নাম": "আল-জামিই'",
   "অর্থ": "একত্রকারী, সমবেতকারী",
   "আরবি": "الجامع",
   "ফজিলত": "যার আত্মীয়-স্বজন ও বন্ধু বান্ধব বিক্ষিপ্ত হয়ে থাকে, সে চাশতের সময় গোসল করে আকাশের দিকে তাকিয়ে আল্লাহ্‌র এই নাম ১০০ বার পাঠ করলে তার পরিবারের হারানো সদস্য শিগ্রই খুঁজে পাবেন। ইনশাআল্লাহ্‌"
 },
 {
   "নাম": "আল-গণিই'",
   "অর্থ": "অমুখাপেক্ষী ধনী",
   "আরবি": "الغني",
   "ফজিলত": "যে ব্যাক্তি প্রতিদিন ৭০ বার এই নামটি পড়বে, আল্লাহ তাআলা তার অর্থ-সম্পদ বরকত দান করবেন। ইনশাল্লাল্লাহ সে কারো মুখাপেক্ষী হবে না। "
 },
 {
   "নাম": "আল-মুগণিই'",
   "অর্থ": "পরম-অভাবমোচনকারী",
   "আরবি": "المغني",
   "ফজিলত": "যে ব্যাক্তি শুরু ও শেষে ১১ বার দুরুদ শরীফ পড়ে এগার শত এগার বার ওযীফার ন্যায় এ নামটি পড়বে, তবে আল্লাহ তায়ালা তাকে বাহিরগত ও ভিতরগত ধনী করে দিবেন।"
 },
 {
   "নাম": "আল-মানিই'",
   "অর্থ": "অকল্যানরোধক",
   "আরবি": "المانع",
   "ফজিলত": "যদি স্ত্রির সাথে ঝগড়া-বিবাদ অথবা তিক্ততা সৃষ্টি হয়ে থাকে, তবে বিছানায় শোয়ার সময় ২০ বার এ নামটি পড়বে, ইনশাল্লাহ ঝগড়া-বিবাদ ও তিক্ততা দূর হয়ে যাবে এবং পরস্পর ভালবাসা সৃষ্টি হয়ে যাবে।  "
 },
 {
   "নাম": "আয্-যর",
   "অর্থ": "ক্ষতিসাধনকারী",
   "আরবি": "الضار",
   "ফজিলত": "সকাল সন্ধা এ নামের ‍যিকির করলে সকল ভাল কাজে সফলতা আসবে ইনশাআল্লাহ। "
 },
 {
   "নাম": "আন্-নাফিই'",
   "অর্থ": "কল্যাণকারী",
   "আরবি": "النافع",
   "ফজিলত": "যে ব্যক্তি কোন পরিচিত স্থানে পোঁছাবে এবং শুক্রবার রাতে যে ব্যক্তি নৌকা অথবা অন্য কোন যানবাহনে আরোহণের পর অধিকহারে পড়তে থাকবে,  ইনশাআল্লাহ্‌ ইচ্ছানুযায়ী কাজ হবে।"
 },
 {
   "নাম": "আন্-নূর",
   "অর্থ": "পরম-আলো",
   "আরবি": "النور",
   "ফজিলত": "যে ব্যক্তি জুমার রাতে সাত বার সুরা নুর এবং এক হাজার বার এ নামটি পড়বে, তবে ইনশাআল্লাহ্‌ তার অন্তর আল্লাহর জ্যোতি দারা আলকিত হয়ে যাবে।"
 },
 {
   "নাম": "আল-হাদী",
   "অর্থ": "পথ-প্রদর্শক",
   "আরবি": "الهادي",
   "ফজিলত": "যে ব্যক্তি হাত উঠিয়ে আকাশ পানে মূখ করে এ নামটি অধিক হারে পড়বে,  অবশেষে মুখমন্ডলে হাত মুছে নিবে, ইনশাআল্লাহ্‌ তার পূর্ণ হেদায়েত লাভ হবে,  আর মারেফাত পন্থীদের মধ্যে অন্তভুক্ত হয়ে যাবে।  "
 },
 {
   "নাম": "আল-বাদীই'",
   "অর্থ": "অতুলনীয়",
   "আরবি": "البديع",
   "ফজিলত": "যে ব্যক্তি কোন দুশ্চিন্তা বিপদাপদ অথবা কোন সমস্যা সম্মুখে আসে,  সে ১০০০ বার এ নামটি পড়বে ইনশাআল্লাহ্‌ সমস্যার সমাধান লাভ হবে।  "
 },
 {
   "নাম": "আল-বাক্বী",
   "অর্থ": "চিরস্থায়ী, অবিনশ্বর",
   "আরবি": "الباقي",
   "ফজিলত": "জুম্মার রাতে যে ব্যক্তি এ নামটি ১০০ বার পড়বে, আল্লাহ তায়ালা তাকে সব ধরনের অনিষ্ট ও ক্ষতি থেকে নিরাপরাদ রাখবেন। "
 },
 {
   "নাম": "আল-ওয়ারিস'",
   "অর্থ": "উত্তরাধিকারী",
   "আরবি": "الوارث",
   "ফজিলত": "যে ব্যক্তি প্রত্যহ সূর্যোদয়ের পূর্বক্ষণে ১০১ বার পড়বে, ইনশাআল্লাহ্‌ সে যাবতীয় দুঃখ- বেদনা, চিন্তা- ভাবনা, কঠোরতা ও বিপদ থেকে মুক্তি থাকবে।"
 },
 {
   "নাম": "আর-রাশীদ",
   "অর্থ": "সঠিক পথ-প্রদর্শক",
   "আরবি": "الرشيد",
   "ফজিলত": "যে ব্যক্তি নিজের কোন কাজ বা উদ্দেশ্য সমাধানের কোন তদবির বুঝে না আসে, মাগরিব ও এশার মাঝে সে (আর-রাশীদু) নামটি ১০০০ বার পড়বে, তবে ইনশাআল্লাহ্‌ স্বপ্নে তদ্বির দেখা যাবে, অথবা অন্তরে ঢেলে দেয়া হবে।  "
 },
 {
   "নাম": "আস-সবুর",
   "অর্থ": "অত্যধিক ধৈর্যধারণকারী",
   "আরবি": "الصبور",
   "ফজিলত": "যে ব্যক্তি সূর্যোদয়ের পূর্বে এ নামটি একশত বার পড়বে, ইনশাআল্লাহ্‌ সেদিন সে সকল বিপদাপদ থেকে নিরাপদ থাকবে ও বরকত লাভ হয়। শত্রু ও হিংসুকদের মুখ বন্ধ থাকবে। "
 }
]