{
  "modified_datetime":"2020-03-27 16:02:56",
  "data": [
    {
      "para_no": "1",
      "para_name_ar": "\u0622\u0644\u0645",
      "para_name_bn": "\u0986\u09b2\u09bf\u09ab-\u09b2\u09be\u09ae-\u09ae\u09c0\u09ae",
      "para_start_sura_no_and_ayat": "1:1",
      "para_end_sura_no_and_ayat": "2:141"
    },
    {
      "para_no": "2",
      "para_name_ar": "\u0633\u064e\u064a\u064e\u0642\u064f\u0648\u0644\u064f",
      "para_name_bn": "\u09b8\u09be\u09df\u09be\u0995\u09c2\u09b2\u09c1",
      "para_start_sura_no_and_ayat": "2:142",
      "para_end_sura_no_and_ayat": "2:252"
    },
    {
      "para_no": "3",
      "para_name_ar": "\u062a\u0650\u0644\u0652\u0643\u064e \u0671\u0644\u0652\u0631\u064f\u0651\u0633\u064f\u0644\u064f",
      "para_name_bn": "\u09a4\u09bf\u09b2\u0995\u09be\u09b0 \u09b0\u09c1\u09b8\u09c1\u09b2",
      "para_start_sura_no_and_ayat": "2:253",
      "para_end_sura_no_and_ayat": "3:91"
    },
    {
      "para_no": "4",
      "para_name_ar": "\u0644\u064e\u0646\u0652 \u062a\u064e\u0646\u064e\u0627\u0644\u064f\u0648\u0627",
      "para_name_bn": "\u09b2\u09be\u09a8 \u09a4\u09be\u09a8\u09be\u09b2\u09c1",
      "para_start_sura_no_and_ayat": "3:92",
      "para_end_sura_no_and_ayat": "4:23"
    },
    {
      "para_no": "5",
      "para_name_ar": "\u0648\u064e\u0671\u0644\u0652\u0645\u064f\u062d\u0652\u0635\u064e\u0646\u064e\u0627\u062a\u064f",
      "para_name_bn": "\u0993\u09df\u09be\u09b2  \u09ae\u09c1\u09b9\u09b8\u09be\u09a8\u09be\u09a4\u09c1",
      "para_start_sura_no_and_ayat": "4:24",
      "para_end_sura_no_and_ayat": "4:147"
    },
    {
      "para_no": "6",
      "para_name_ar": "\u0644\u064e\u0627 \u064a\u064f\u062d\u0650\u0628\u064f\u0651 \u0671\u0644\u0644\u0647\u064f",
      "para_name_bn": "\u09b2\u09be \u0987\u0989\u09b9\u09bf\u09ac\u09cd\u09ac\u09c1\u09b2\u09cd\u09b2\u09be\u09b9",
      "para_start_sura_no_and_ayat": "4:148",
      "para_end_sura_no_and_ayat": "5:82"
    },
    {
      "para_no": "7",
      "para_name_ar": "\u0648\u064e\u0625\u0650\u0630\u064e\u0627 \u0633\u064e\u0645\u0650\u0639\u064f\u0648",
      "para_name_bn": "\u0993\u09df\u09be \u0987\u09af\u09be \u09b8\u09be\u09ae\u09bf\u098a",
      "para_start_sura_no_and_ayat": "5:83",
      "para_end_sura_no_and_ayat": "6:110"
    },
    {
      "para_no": "8",
      "para_name_ar": "\u0648\u064e\u0644\u064e\u0648\u0652 \u0623\u064e\u0646\u064e\u0651\u0646\u064e\u0627",
      "para_name_bn": "\u0993\u09df\u09be\u09b2\u09be\u0989 \u0986\u09a8\u09cd\u09a8\u09be\u09a8\u09be",
      "para_start_sura_no_and_ayat": "6:111",
      "para_end_sura_no_and_ayat": "7:87"
    },
    {
      "para_no": "9",
      "para_name_ar": "\u0642\u064e\u0627\u0644\u064e \u0671\u0644\u0652\u0645\u064e\u0644\u064e\u0623\u064f",
      "para_name_bn": "\u0995\u09cd\u09ac\u09be\u09b2\u09be\u09b2 \u09ae\u09be\u09b2\u09be\u0989",
      "para_start_sura_no_and_ayat": "7:88",
      "para_end_sura_no_and_ayat": "8:40"
    },
    {
      "para_no": "10",
      "para_name_ar": "\u0648\u064e\u0671\u0639\u0652\u0644\u064e\u0645\u064f\u0648\u0627\u0652",
      "para_name_bn": "\u0993\u09df\u09be'\u09b2\u09be\u09ae\u09c1",
      "para_start_sura_no_and_ayat": "8:41",
      "para_end_sura_no_and_ayat": "9:93"
    },
    {
      "para_no": "11",
      "para_name_ar": "\u064a\u064e\u0639\u0652\u062a\u064e\u0630\u0650\u0631\u064f\u0648\u0646\u064e",
      "para_name_bn": "\u0987\u09df\u09be'\u09a4\u09be\u09af\u09bf\u09b0\u09c1\u09a8\u09be",
      "para_start_sura_no_and_ayat": "9:94",
      "para_end_sura_no_and_ayat": "11:5"
    },
    {
      "para_no": "12",
      "para_name_ar": "\u0648\u064e\u0645\u064e\u0627 \u0645\u0650\u0646\u0652 \u062f\u064e\u0622\u0628\u064e\u0651\u0629\u064d",
      "para_name_bn": "\u0993\u09df\u09be\u09ae\u09be \u09ae\u09bf\u09a8 \u09a6\u09be-\u09ac\u09cd\u09ac\u09be\u09b9",
      "para_start_sura_no_and_ayat": "11:6",
      "para_end_sura_no_and_ayat": "12:52"
    },
    {
      "para_no": "13",
      "para_name_ar": "\u0648\u064e\u0645\u064e\u0627 \u0623\u064f\u0628\u064e\u0631\u0650\u0651\u0626\u064f",
      "para_name_bn": "\u0993\u09df\u09be\u09ae\u09be \u0989\u09ac\u09be\u09b0\u09b0\u09bf\u0989",
      "para_start_sura_no_and_ayat": "12:53",
      "para_end_sura_no_and_ayat": "15:1"
    },
    {
      "para_no": "14",
      "para_name_ar": "\u0631\u064f\u0628\u064e\u0645\u064e\u0627",
      "para_name_bn": "\u09b0\u09c1\u09ac\u09be\u09ae\u09be",
      "para_start_sura_no_and_ayat": "15:2",
      "para_end_sura_no_and_ayat": "16:128"
    },
    {
      "para_no": "15",
      "para_name_ar": "\u0633\u064f\u0628\u0652\u062d\u064e\u0627\u0646\u064e \u0671\u0644\u064e\u0651\u0630\u0650\u0649",
      "para_name_bn": "\u09b8\u09c1\u09ac\u09b9\u09be\u09a8\u09be\u09b2\u09cd\u09b2\u09be\u09af\u09c0",
      "para_start_sura_no_and_ayat": "17:1",
      "para_end_sura_no_and_ayat": "18:74"
    },
    {
      "para_no": "16",
      "para_name_ar": "\u0642\u064e\u0627\u0644\u064e \u0623\u064e\u0644\u064e\u0645\u0652",
      "para_name_bn": "\u0995\u09cd\u09ac\u09be\u09b2\u09be \u0986\u09b2\u09be\u09ae",
      "para_start_sura_no_and_ayat": "18:75",
      "para_end_sura_no_and_ayat": "20:135"
    },
    {
      "para_no": "17",
      "para_name_ar": "\u0671\u0642\u0652\u062a\u064e\u0631\u064e\u0628\u064e \u0644\u0650\u0644\u0652\u0646\u064e\u0651\u0627\u0633\u0650",
      "para_name_bn": "\u0987\u0995\u09cd\u09ac\u09a4\u09be\u09b0\u09be\u09ac\u09be \u09b2\u09bf\u09a8\u09cd\u09a8\u09be\u09b8",
      "para_start_sura_no_and_ayat": "21:1",
      "para_end_sura_no_and_ayat": "22:78"
    },
    {
      "para_no": "18",
      "para_name_ar": "\u0642\u064e\u062f\u0652 \u0623\u064e\u0641\u0652\u0644\u064e\u062d\u064e",
      "para_name_bn": "\u0995\u09cd\u09ac\u09be\u09a6 \u0986\u09ab\u09b2\u09be\u09b9\u09be",
      "para_start_sura_no_and_ayat": "23:1",
      "para_end_sura_no_and_ayat": "25:20"
    },
    {
      "para_no": "19",
      "para_name_ar": "\u0648\u064e\u0642\u064e\u0627\u0644\u064e \u0671\u0644\u064e\u0651\u0630\u0650\u064a\u0646\u064e",
      "para_name_bn": "\u0993\u09df\u09be\u0995\u09cd\u09ac\u09be\u09b2\u09be\u09b2\u09cd\u09b2\u09be\u09af\u09c0\u09a8\u09be",
      "para_start_sura_no_and_ayat": "25:21",
      "para_end_sura_no_and_ayat": "27:59"
    },
    {
      "para_no": "20",
      "para_name_ar": "\u0623\u064e\u0645\u064e\u0651\u0646\u0652 \u062e\u064e\u0644\u064e\u0642\u064e",
      "para_name_bn": "\u0986\u09ae\u09cd\u09ae\u09be\u09a8 \u0996\u09be\u09b2\u09be\u0995\u09cd\u09ac\u09be",
      "para_start_sura_no_and_ayat": "27:60",
      "para_end_sura_no_and_ayat": "29:44"
    },
    {
      "para_no": "21",
      "para_name_ar": "\u0627\u062a\u0652\u0644\u064f \u0645\u064e\u0627 \u0623\u064f\u0648\u062d\u0650\u064a\u064e",
      "para_name_bn": "\u0989\u09a4\u09b2\u09c1 \u09ae\u09be \u0989\u09b9\u09bf\u09df\u09be",
      "para_start_sura_no_and_ayat": "29:45",
      "para_end_sura_no_and_ayat": "33:30"
    },
    {
      "para_no": "22",
      "para_name_ar": "\u0648\u064e\u0645\u064e\u0646\u0652 \u064a\u064e\u0651\u0642\u0652\u0646\u064f\u062a\u0652",
      "para_name_bn": "\u0993\u09df\u09be\u09ae\u09be\u0987\u09df\u09be\u0995\u09cd\u09ac\u09a8\u09c1\u09a4",
      "para_start_sura_no_and_ayat": "33:31",
      "para_end_sura_no_and_ayat": "36:21"
    },
    {
      "para_no": "23",
      "para_name_ar": "وَمَا لِيَ",
      "para_name_bn": "ওয়ামা লিয়া",
      "para_start_sura_no_and_ayat": "36:22",
      "para_end_sura_no_and_ayat": "39:31"
    },
    {
      "para_no": "24",
      "para_name_ar": "\u0641\u064e\u0645\u064e\u0646\u0652 \u0623\u064e\u0638\u0652\u0644\u064e\u0645\u064f",
      "para_name_bn": "\u09ab\u09be\u09ae\u09be\u09a8 \u0986\u099c\u09b2\u09be\u09ae\u09c1",
      "para_start_sura_no_and_ayat": "39:32",
      "para_end_sura_no_and_ayat": "41:46"
    },
    {
      "para_no": "25",
      "para_name_ar": "\u0625\u0650\u0644\u064e\u064a\u0652\u0647\u0650 \u064a\u064f\u0631\u064e\u062f\u064f\u0651",
      "para_name_bn": "\u0987\u09b2\u09be\u0987\u09b9\u09bf \u0987\u0989\u09b0\u09be\u09a6\u09cd\u09a6\u09c1",
      "para_start_sura_no_and_ayat": "41:47",
      "para_end_sura_no_and_ayat": "45:37"
    },
    {
      "para_no": "26",
      "para_name_ar": "\u062d\u0645",
      "para_name_bn": "\u09b9\u09be-\u09ae\u09c0\u09ae",
      "para_start_sura_no_and_ayat": "46:1",
      "para_end_sura_no_and_ayat": "51:30"
    },
    {
      "para_no": "27",
      "para_name_ar": "\u0642\u064e\u0644\u064e \u0641\u064e\u0645\u064e\u0627 \u062e\u064e\u0637\u0652\u0628\u064f\u0643\u064f\u0645",
      "para_name_bn": "\u0995\u09cd\u09ac\u09be\u09b2\u09be \u09ab\u09be\u09ae\u09be \u0996\u09be\u09a4\u09ac\u09c1\u0995\u09c1\u09ae",
      "para_start_sura_no_and_ayat": "51:31",
      "para_end_sura_no_and_ayat": "57:29"
    },
    {
      "para_no": "28",
      "para_name_ar": "\u0642\u064e\u062f\u0652 \u0633\u064e\u0645\u0650\u0639\u064e \u0671\u0644\u0644\u0647\u064f",
      "para_name_bn": "\u0995\u09cd\u09ac\u09be\u09a6 \u09b8\u09be\u09ae\u09bf\u09df\u09be\u09b2\u09cd\u09b2\u09be\u09b9\u09c1",
      "para_start_sura_no_and_ayat": "58:1",
      "para_end_sura_no_and_ayat": "66:12"
    },
    {
      "para_no": "29",
      "para_name_ar": "\u062a\u064e\u0628\u064e\u0627\u0631\u064e\u0643\u064e \u0671\u0644\u064e\u0651\u0630\u0650\u0649",
      "para_name_bn": "\u09a4\u09be\u09ac\u09be\u09b0\u09be\u0995\u09be\u09b2\u09cd\u09b2\u09be\u09af\u09c0",
      "para_start_sura_no_and_ayat": "67:1",
      "para_end_sura_no_and_ayat": "77:50"
    },
    {
      "para_no": "30",
      "para_name_ar": "\u0639\u064e\u0645\u064e\u0651",
      "para_name_bn": "\u0986'\u09ae\u09cd\u09ae\u09be",
      "para_start_sura_no_and_ayat": "78:1",
      "para_end_sura_no_and_ayat": "114:6"
    }
  ]
}