{
  "modified_datetime": "2020-04-13 23:16:24",
  "data": [
    {
      "sura_no": "1",
      "sura_name": "\u0986\u09b2 \u09ab\u09be\u09a4\u09bf\u09b9\u09be",
      "para": "1",
      "total_ayat": "7",
      "eng_name": "Al-Fatihah",
      "ar_name": "\u0633\u0648\u0631\u0629 \u0627\u0644\u0641\u0627\u062a\u062d\u0629",
      "bn_meaning": "\u09b8\u09c2\u099a\u09a8\u09be"
    },
    {
      "sura_no": "2",
      "sura_name": "\u0986\u09b2 \u09ac\u09be\u0995\u09be\u09b0\u09be",
      "para": "1",
      "total_ayat": "286",
      "eng_name": "Al-Baqara",
      "ar_name": "\u0633\u0648\u0631\u0629 \u0627\u0644\u0628\u0642\u0631\u0629",
      "bn_meaning": "\u09ac\u0995\u09a8\u09be-\u09ac\u09be\u099b\u09c1\u09b0"
    },
    {
      "sura_no": "3",
      "sura_name": "\u0986\u09b2 \u0987\u09ae\u09b0\u09be\u09a8",
      "para": "3",
      "total_ayat": "200",
      "eng_name": "Al-i'Imran",
      "ar_name": "\u200f\u0633\u0648\u0631\u0629 \u0622\u0644 \u0639\u0645\u0631\u0627\u0646\u200e",
      "bn_meaning": "\u0987\u09ae\u09b0\u09be\u09a8\u09c7\u09b0 \u09aa\u09b0\u09bf\u09ac\u09be\u09b0"
    },
    {
      "sura_no": "4",
      "sura_name": "\u0986\u09a8 \u09a8\u09bf\u09b8\u09be",
      "para": "4",
      "total_ayat": "176",
      "eng_name": "An-Nisaa",
      "ar_name": "\u0633\u0648\u0631\u0629 \u200f\u0627\u0644\u0646\u0633\u0627\u0621\u200e ",
      "bn_meaning": "\u09a8\u09be\u09b0\u09c0"
    },
    {
      "sura_no": "5",
      "sura_name": "\u0986\u09b2 \u09ae\u09be\u09af\u09bc\u09bf\u09a6\u09be\u09b9",
      "para": "6",
      "total_ayat": "120",
      "eng_name": "Al-Maidah",
      "ar_name": "\u0633\u0648\u0631\u0629 \u0627\u0644\u0645\u0627\u0626\u062f\u0629\u200e",
      "bn_meaning": "\u0996\u09be\u09a6\u09cd\u09af \u09aa\u09b0\u09bf\u09ac\u09c7\u09b6\u09bf\u09a4 \u099f\u09c7\u09ac\u09bf\u09b2"
    },
    {
      "sura_no": "6",
      "sura_name": "\u0986\u09b2 \u0986\u09a8\u0986\u09ae",
      "para": "7",
      "total_ayat": "165",
      "eng_name": "Al-An'am",
      "ar_name": "\u0633\u0648\u0631\u0629 \u200f\u0627\u0644\u0623\u0646\u0639\u0627\u0645\u200e ",
      "bn_meaning": "\u0997\u09c3\u09b9\u09aa\u09be\u09b2\u09bf\u09a4 \u09aa\u09b6\u09c1"
    },
    {
      "sura_no": "7",
      "sura_name": "\u0986\u09b2 \u0986'\u09b0\u09be\u09ab",
      "para": "8",
      "total_ayat": "206",
      "eng_name": "Al-A'raf",
      "ar_name": "\u0633\u0648\u0631\u0629 \u200f\u0627\u0644\u0623\u0639\u0631\u0627\u0641\u200e",
      "bn_meaning": "\u0989\u099a\u09c1 \u09b8\u09cd\u09a5\u09be\u09a8\u09b8\u09ae\u09c2\u09b9"
    },
    {
      "sura_no": "8",
      "sura_name": "\u0986\u09b2-\u0986\u09a8\u09ab\u09be\u09b2",
      "para": "9",
      "total_ayat": "75",
      "eng_name": "Al-Anfal",
      "ar_name": "\u0633\u0648\u0631\u0629 \u200f\u0627\u0644\u0623\u0646\u0641\u0627\u0644\u200e ",
      "bn_meaning": "\u09af\u09c1\u09a6\u09cd\u09a7\u09c7-\u09b2\u09ac\u09cd\u09a7 \u09a7\u09a8\u09b8\u09ae\u09cd\u09aa\u09a6"
    },
    {
      "sura_no": "9",
      "sura_name": "\u0986\u09a4 \u09a4\u09be\u0993\u09ac\u09be\u09b9",
      "para": "10",
      "total_ayat": "129",
      "eng_name": "At-Taubah",
      "ar_name": "\u0633\u0648\u0631\u0629 \u200f\u0627\u0644\u062a\u0648\u0628\u0629\u200e",
      "bn_meaning": "\u0985\u09a8\u09c1\u09b6\u09cb\u099a\u09a8\u09be"
    },
    {
      "sura_no": "10",
      "sura_name": "\u0987\u0989\u09a8\u09c1\u09b8",
      "para": "11",
      "total_ayat": "109",
      "eng_name": "Yunus",
      "ar_name": "\u0633\u0648\u0631\u0629 \u200f\u064a\u0648\u0646\u0633\u200e ",
      "bn_meaning": "\u09a8\u09ac\u09c0 \u0987\u0989\u09a8\u09c1\u09b8"
    },
    {
      "sura_no": "11",
      "sura_name": "\u09b9\u09c1\u09a6",
      "para": "12",
      "total_ayat": "123",
      "eng_name": "Hud",
      "ar_name": "\u0633\u0648\u0631\u0629 \u200f\u0647\u0648\u062f\u200e ",
      "bn_meaning": "\u09a8\u09ac\u09c0 \u09b9\u09c1\u09a6"
    },
    {
      "sura_no": "12",
      "sura_name": "\u0987\u0989\u09b8\u09c2\u09ab",
      "para": "12",
      "total_ayat": "111",
      "eng_name": "Yusuf",
      "ar_name": "\u0633\u0648\u0631\u0629 \u200f\u064a\u0648\u0633\u0641\u200e ",
      "bn_meaning": "\u09a8\u09ac\u09c0 \u0987\u0989\u09b8\u09c1\u09ab"
    },
    {
      "sura_no": "13",
      "sura_name": "\u09b0\u09be'\u09a6",
      "para": "13",
      "total_ayat": "43",
      "eng_name": "Ar-Ra'd",
      "ar_name": "\u0633\u0648\u0631\u0629 \u200f\u0627\u0644\u0631\u0639\u062f\u200e",
      "bn_meaning": "\u09ac\u099c\u09cd\u09b0\u09a8\u09be\u09a6"
    },
    {
      "sura_no": "14",
      "sura_name": "\u0987\u09ac\u09cd\u09b0\u09be\u09b9\u09c0\u09ae",
      "para": "13",
      "total_ayat": "52",
      "eng_name": "Ibrahim",
      "ar_name": "\u0633\u0648\u0631\u0629 \u200f\u0625\u0628\u0631\u0627\u0647\u064a\u0645\u200e ",
      "bn_meaning": "\u09a8\u09ac\u09c0 \u0987\u09ac\u09cd\u09b0\u09be\u09b9\u09bf\u09ae"
    },
    {
      "sura_no": "15",
      "sura_name": "\u09b9\u09bf\u099c\u09b0",
      "para": "13",
      "total_ayat": "99",
      "eng_name": "Al-Hijr",
      "ar_name": "\u0633\u0648\u0631\u0629 \u200f\u0627\u0644\u062d\u062c\u0631\u200e",
      "bn_meaning": "\u09aa\u09be\u09a5\u09c1\u09b0\u09c7 \u09aa\u09be\u09b9\u09be\u09a1\u09bc"
    },
    {
      "sura_no": "16",
      "sura_name": "\u09a8\u09be\u09b9\u09b2",
      "para": "14",
      "total_ayat": "128",
      "eng_name": "An-Nahl",
      "ar_name": "\u0633\u0648\u0631\u0629 \u200f\u0627\u0644\u0646\u062d\u0644\u200e",
      "bn_meaning": "\u09ae\u09cc\u09ae\u09be\u099b\u09bf"
    },
    {
      "sura_no": "17",
      "sura_name": "\u09ac\u09a8\u09c0 \u0987\u09b8\u09b0\u09be\u0988\u09b2",
      "para": "15",
      "total_ayat": "111",
      "eng_name": "Israel",
      "ar_name": "\u0633\u0648\u0631\u0629 \u200f\u0627\u0644\u0625\u0633\u0631\u0627\u0621\u200e ",
      "bn_meaning": "\u0987\u09b8\u09b0\u09be\u09af\u09bc\u09c7\u09b2\u09c7\u09b0 \u09ac\u0982\u09b6\u09a7\u09b0"
    },
    {
      "sura_no": "18",
      "sura_name": "\u0995\u09be\u09b9\u09ab",
      "para": "15",
      "total_ayat": "110",
      "eng_name": "Al-Kahf",
      "ar_name": "\u0633\u0648\u0631\u0629 \u200f\u0627\u0644\u0643\u0647\u0641\u200e",
      "bn_meaning": "\u0997\u09c1\u09b9\u09be"
    },
    {
      "sura_no": "19",
      "sura_name": "\u09ae\u09be\u09b0\u0987\u09df\u09be\u09ae",
      "para": "16",
      "total_ayat": "98",
      "eng_name": "Maryam",
      "ar_name": "\u0633\u0648\u0631\u0629 \u200f\u0645\u0631\u064a\u0645\u200e",
      "bn_meaning": "\u09ae\u09be\u09b0\u09bf\u09af\u09bc\u09be\u09ae (\u09a8\u09ac\u09c0 \u0988\u09b8\u09be\u09b0 \u09ae\u09be)"
    },
    {
      "sura_no": "20",
      "sura_name": "\u09a4\u09cd\u09ac\u09c7\u09be\u09df\u09be-\u09b9\u09be",
      "para": "16",
      "total_ayat": "135",
      "eng_name": "Ta-ha",
      "ar_name": "\u0633\u0648\u0631\u0629 \u200f\u0637\u0647\u200e ",
      "bn_meaning": "\u09a4\u09cd\u09ac\u09cb\u09af\u09bc\u09be-\u09b9\u09be"
    },
    {
      "sura_no": "21",
      "sura_name": "\u0986\u09ae\u09cd\u09ac\u09bf\u09df\u09be",
      "para": "17",
      "total_ayat": "112",
      "eng_name": "Al-Anbiyaa",
      "ar_name": "\u0633\u0648\u0631\u0629 \u200f\u0627\u0644\u0623\u0646\u0628\u064a\u0627\u0621\u200e ",
      "bn_meaning": "\u09a8\u09ac\u09c0\u0997\u09a3"
    },
    {
      "sura_no": "22",
      "sura_name": "\u09b9\u09be\u099c\u09cd\u099c\u09cd\u09ac",
      "para": "17",
      "total_ayat": "78",
      "eng_name": "Al-Hajj",
      "ar_name": "\u0633\u0648\u0631\u0629 \u0627\u0644\u062d\u062c",
      "bn_meaning": "\u09b9\u09be\u099c\u09cd\u099c"
    },
    {
      "sura_no": "23",
      "sura_name": "\u0986\u09b2 \u09ae\u09c1'\u09ae\u09bf\u09a8\u09c2\u09a8",
      "para": "18",
      "total_ayat": "118",
      "eng_name": "Al-Muminun",
      "ar_name": "\u0633\u0648\u0631\u0629 \u200f\u0627\u0644\u0645\u0624\u0645\u0646\u0648\u0646\u200e",
      "bn_meaning": "\u09ae\u09c1\u09ae\u09bf\u09a8\u0997\u09a3"
    },
    {
      "sura_no": "24",
      "sura_name": "\u0986\u09a8-\u09a8\u09c2\u09b0",
      "para": "18",
      "total_ayat": "64",
      "eng_name": "An-Nur",
      "ar_name": "\u0633\u0648\u0631\u0629 \u200f\u0627\u0644\u0646\u0648\u0631\u200e ",
      "bn_meaning": "\u0986\u09b2\u09cb"
    },
    {
      "sura_no": "25",
      "sura_name": "\u0986\u09b2-\u09ab\u09c1\u09b0\u0995\u09be\u09a8",
      "para": "18",
      "total_ayat": "77",
      "eng_name": "Al-Furqan",
      "ar_name": "\u0633\u0648\u0631\u0629 \u200f\u0627\u0644\u0641\u0631\u0642\u0627\u0646\u200e",
      "bn_meaning": "\u09b8\u09a4\u09cd\u09af \u09ae\u09bf\u09a5\u09cd\u09af\u09be\u09b0 \u09aa\u09be\u09b0\u09cd\u09a5\u0995\u09cd\u09af \u09a8\u09bf\u09b0\u09cd\u09a7\u09be\u09b0\u09a3\u0995\u09be\u09b0\u09c0 \u0997\u09cd\u09b0\u09ae\u09cd\u09a5"
    },
    {
      "sura_no": "26",
      "sura_name": "\u0986\u09b6-\u09b6\u09c7\u09be'\u0986\u09b0\u09be",
      "para": "19",
      "total_ayat": "227",
      "eng_name": "Ash-Shu'araa",
      "ar_name": "\u0633\u0648\u0631\u0629 \u200f\u0627\u0644\u0634\u0639\u0631\u0627\u0621\u200e",
      "bn_meaning": "\u0995\u09ac\u09bf\u0997\u09a3"
    },
    {
      "sura_no": "27",
      "sura_name": "\u09a8\u09ae\u09b2",
      "para": "19",
      "total_ayat": "93",
      "eng_name": "An-Naml",
      "ar_name": "\u0633\u0648\u0631\u0629 \u200f\u0627\u0644\u0646\u0645\u0644\u200e ",
      "bn_meaning": "\u09aa\u09bf\u09aa\u09c0\u09b2\u09bf\u0995\u09be"
    },
    {
      "sura_no": "28",
      "sura_name": "\u0986\u09b2 \u0995\u09be\u09b8\u09be\u09b8",
      "para": "20",
      "total_ayat": "88",
      "eng_name": "Al-Qasas",
      "ar_name": "\u0633\u0648\u0631\u0629 \u200f\u0627\u0644\u0642\u0635\u0635\u200e",
      "bn_meaning": "\u0995\u09be\u09b9\u09bf\u09a8\u09c0"
    },
    {
      "sura_no": "29",
      "sura_name": "\u0986\u09b2 \u0986\u09a8\u0995\u09be\u09ac\u09c1\u09a4",
      "para": "20",
      "total_ayat": "69",
      "eng_name": "Al-Ankabut",
      "ar_name": "\u0633\u0648\u0631\u0629 \u200f\u0627\u0644\u0639\u0646\u0643\u0628\u0648\u062a\u200e ",
      "bn_meaning": "\u09ae\u09be\u0995\u09a1\u09bc\u09b8\u09be"
    },
    {
      "sura_no": "30",
      "sura_name": "\u0986\u09b0-\u09b0\u09c2\u09ae",
      "para": "21",
      "total_ayat": "60",
      "eng_name": "Ar-Rum",
      "ar_name": "\u0633\u0648\u0631\u0629 \u200f\u0627\u0644\u0631\u0648\u0645\u200e ",
      "bn_meaning": "\u09b0\u09cb\u09ae\u09be\u09a8 \u099c\u09be\u09a4\u09bf"
    },
    {
      "sura_no": "31",
      "sura_name": "\u09b2\u09c7\u09be\u0995\u09ae\u09be\u09a8",
      "para": "21",
      "total_ayat": "34",
      "eng_name": "Luqman",
      "ar_name": "\u0633\u0648\u0631\u0629 \u200f\u0644\u0642\u0645\u0627\u0646\u200e ",
      "bn_meaning": "\u098f\u0995\u099c\u09a8 \u099c\u09cd\u099e\u09be\u09a8\u09c0 \u09ac\u09cd\u09af\u0995\u09cd\u09a4\u09bf"
    },
    {
      "sura_no": "32",
      "sura_name": "\u09b8\u09c7\u099c\u09a6\u09be\u09b9",
      "para": "21",
      "total_ayat": "30",
      "eng_name": "As-Sajda",
      "ar_name": "\u0633\u0648\u0631\u0629 \u200f\u0627\u0644\u0633\u062c\u062f\u0629\u200e ",
      "bn_meaning": "\u09b8\u09bf\u099c\u09a6\u09be\u09b9"
    },
    {
      "sura_no": "33",
      "sura_name": "\u0986\u09b2 \u0986\u09b9\u09af\u09be\u09ac",
      "para": "21",
      "total_ayat": "73",
      "eng_name": "Al-Ahzab",
      "ar_name": "\u0633\u0648\u0631\u0629 \u200f\u0627\u0644\u0623\u062d\u0632\u0627\u0628\u200e ",
      "bn_meaning": "\u099c\u09cb\u099f"
    },
    {
      "sura_no": "34",
      "sura_name": "\u09b8\u09be\u09ac\u09be",
      "para": "22",
      "total_ayat": "54",
      "eng_name": "Saba",
      "ar_name": "\u0633\u0648\u0631\u0629 \u200f\u0633\u0628\u0623\u200e ",
      "bn_meaning": "\u09b0\u09be\u09a8\u09c0 \u09b8\u09be\u09ac\u09be"
    },
    {
      "sura_no": "35",
      "sura_name": "\u09ab\u09be\u09a4\u09bf\u09b0",
      "para": "22",
      "total_ayat": "45",
      "eng_name": "Fatir",
      "ar_name": "\u0633\u0648\u0631\u0629 \u200f\u0641\u0627\u0637\u0631\u200e",
      "bn_meaning": "\u0986\u09a6\u09bf \u09b8\u09cd\u09b0\u09b7\u09cd\u099f\u09be"
    },
    {
      "sura_no": "36",
      "sura_name": "\u0987\u09df\u09be\u09b8\u09c0\u09a8",
      "para": "22",
      "total_ayat": "83",
      "eng_name": "Ya-Sin",
      "ar_name": "\u0633\u0648\u0631\u0629 \u200f\u064a\u0633\u200e ",
      "bn_meaning": "\u0987\u09af\u09bc\u09be\u09b8\u09c0\u09a8"
    },
    {
      "sura_no": "37",
      "sura_name": "\u0986\u09b8-\u09b8\u09be\u09ab\u09ab\u09be\u09a4",
      "para": "23",
      "total_ayat": "182",
      "eng_name": "As-Saffat",
      "ar_name": "\u0633\u0648\u0631\u0629 \u200f\u0627\u0644\u0635\u0627\u0641\u0627\u062a\u200e",
      "bn_meaning": "\u09b8\u09be\u09b0\u09bf\u09ac\u09a6\u09cd\u09a7\u09ad\u09be\u09ac\u09c7 \u09a6\u09be\u09a1\u09bc\u09be\u09a8\u09cb"
    },
    {
      "sura_no": "38",
      "sura_name": "\u099b\u09c7\u09be\u09df\u09be\u09a6",
      "para": "23",
      "total_ayat": "88",
      "eng_name": "Sad",
      "ar_name": "\u0633\u0648\u0631\u0629 \u200f\u0635\u200e ",
      "bn_meaning": "\u0986\u09b0\u09ac\u09bf \u09ac\u09b0\u09cd\u09a3"
    },
    {
      "sura_no": "39",
      "sura_name": "\u0986\u09b2-\u09af\u09c1\u09ae\u09be\u09b0",
      "para": "23",
      "total_ayat": "75",
      "eng_name": "Az-Zumar",
      "ar_name": "\u0633\u0648\u0631\u0629 \u200f\u0627\u0644\u0632\u0645\u0631\u200e",
      "bn_meaning": "\u09a6\u09b2-\u09ac\u09a6\u09cd\u09a7 \u099c\u09a8\u09a4\u09be"
    },
    {
      "sura_no": "40",
      "sura_name": "\u0986\u09b2-\u09ae\u09c1'\u09ae\u09bf\u09a8",
      "para": "24",
      "total_ayat": "85",
      "eng_name": "Al-Mu'min",
      "ar_name": "\u0633\u0648\u0631\u0629 \u200f\u063a\u0627\u0641\u0631\u200e ",
      "bn_meaning": "\u09ac\u09bf\u09b6\u09cd\u09ac\u09be\u09b8\u09c0"
    },
    {
      "sura_no": "41",
      "sura_name": "\u09b9\u09be-\u09ae\u09c0\u09ae \u09b8\u09c7\u099c\u09a6\u09be\u09b9",
      "para": "24",
      "total_ayat": "54",
      "eng_name": "Ha-Mim",
      "ar_name": "\u0633\u0648\u0631\u0629 \u200f\u0641\u0635\u0644\u062a\u200e ",
      "bn_meaning": "\u09b8\u09c1\u09b8\u09cd\u09aa\u09b7\u09cd\u099f \u09ac\u09bf\u09ac\u09b0\u09a3"
    },
    {
      "sura_no": "42",
      "sura_name": "\u0986\u09b6-\u09b6\u09c1\u09b0\u09be",
      "para": "25",
      "total_ayat": "53",
      "eng_name": "Ash-Shura",
      "ar_name": "\u0633\u0648\u0631\u0629 \u200f\u0627\u0644\u0634\u0648\u0631\u0649\u200e",
      "bn_meaning": "\u09aa\u09b0\u09be\u09ae\u09b0\u09cd\u09b6"
    },
    {
      "sura_no": "43",
      "sura_name": "\u09af\u09c1\u0996\u09b0\u09c1\u09ab",
      "para": "25",
      "total_ayat": "89",
      "eng_name": "Az-Zukhruf",
      "ar_name": "\u0633\u0648\u0631\u0629 \u200f\u0627\u0644\u0632\u062e\u0631\u0641\u200e ",
      "bn_meaning": "\u09b8\u09cb\u09a8\u09be\u09a6\u09be\u09a8\u09be"
    },
    {
      "sura_no": "44",
      "sura_name": "\u0986\u09a6 \u09a6\u09c7\u09be\u0996\u09be\u09a8",
      "para": "25",
      "total_ayat": "59",
      "eng_name": "Ad-Dukhan",
      "ar_name": "\u0633\u0648\u0631\u0629 \u200f\u0627\u0644\u062f\u062e\u0627\u0646",
      "bn_meaning": "\u09a7\u09cb\u0981\u09af\u09bc\u09be"
    },
    {
      "sura_no": "45",
      "sura_name": "\u0986\u09b2 \u099c\u09be\u09b8\u09bf\u09df\u09be",
      "para": "25",
      "total_ayat": "37",
      "eng_name": "Al-Jathiya",
      "ar_name": "\u0633\u0648\u0631\u0629 \u200f\u0627\u0644\u062c\u0627\u062b\u064a\u0629\u200e ",
      "bn_meaning": "\u09a8\u09a4\u099c\u09be\u09a8\u09c1"
    },
    {
      "sura_no": "46",
      "sura_name": "\u0986\u09b2 \u0986\u09b9\u0995\u09cd\u09ac\u09be\u09ab",
      "para": "26",
      "total_ayat": "35",
      "eng_name": "Al-Ahqaf",
      "ar_name": "\u0633\u0648\u0631\u0629 \u0627\u0644\u0623\u062d\u0642\u0627\u0641",
      "bn_meaning": "\u09ac\u09be\u09b2\u09c1\u09b0 \u09aa\u09be\u09b9\u09be\u09a1\u09bc"
    },
    {
      "sura_no": "47",
      "sura_name": "\u09ae\u09c1\u09b9\u09be\u09ae\u09cd\u09ae\u09a6",
      "para": "26",
      "total_ayat": "38",
      "eng_name": "Muhammad",
      "ar_name": "\u0633\u0648\u0631\u0629 \u200f\u0645\u062d\u0645\u062f\u200e ",
      "bn_meaning": "\u09a8\u09ac\u09c0 \u09ae\u09c1\u09b9\u09be\u09ae\u09cd\u09ae\u09a6"
    },
    {
      "sura_no": "48",
      "sura_name": "\u0986\u09b2 \u09ab\u09be\u09a4\u09b9",
      "para": "26",
      "total_ayat": "29",
      "eng_name": "Al-Fat-h",
      "ar_name": "\u0633\u0648\u0631\u0629 \u200f\u0627\u0644\u0641\u062a\u062d\u200e",
      "bn_meaning": "\u09ac\u09bf\u099c\u09af\u09bc (\u09ae\u0995\u09cd\u0995\u09be \u09ac\u09bf\u099c\u09af\u09bc)"
    },
    {
      "sura_no": "49",
      "sura_name": "\u0986\u09b2 \u09b9\u09c1\u099c\u09b0\u09be\u09a4",
      "para": "26",
      "total_ayat": "18",
      "eng_name": "Al-Hujurat",
      "ar_name": "\u0633\u0648\u0631\u0629 \u200f\u0627\u0644\u062d\u062c\u0631\u0627\u062a\u200e",
      "bn_meaning": "\u09ac\u09be\u09b8\u0997\u09c3\u09b9\u09b8\u09ae\u09c1\u09b9"
    },
    {
      "sura_no": "50",
      "sura_name": "\u0995\u09cd\u09ac\u09be\u09ab",
      "para": "26",
      "total_ayat": "45",
      "eng_name": "Qaf",
      "ar_name": "\u0633\u0648\u0631\u0629 \u200f\u0642\u200e ",
      "bn_meaning": "\u0986\u09b0\u09ac\u09bf \u09ac\u09b0\u09cd\u09a3 \u0995\u09cd\u09ac\u09be\u09ab"
    },
    {
      "sura_no": "51",
      "sura_name": "\u0986\u09af-\u09af\u09be\u09b0\u09bf\u09df\u09be\u09a4",
      "para": "26",
      "total_ayat": "60",
      "eng_name": "Az-Zariyat",
      "ar_name": "\u0633\u0648\u0631\u0629 \u200f\u0627\u0644\u0630\u0627\u0631\u064a\u0627\u062a\u200e ",
      "bn_meaning": "\u09ac\u09bf\u0995\u09cd\u09b7\u09c7\u09aa\u0995\u09be\u09b0\u09c0 \u09ac\u09be\u09a4\u09be\u09b8"
    },
    {
      "sura_no": "52",
      "sura_name": "\u0986\u09a4\u09cd\u09ac \u09a4\u09c2\u09b0",
      "para": "27",
      "total_ayat": "49",
      "eng_name": "At-Tur",
      "ar_name": "\u0633\u0648\u0631\u0629 \u200f\u0627\u0644\u0637\u0648\u0631\u200e ",
      "bn_meaning": "\u09aa\u09be\u09b9\u09be\u09a1\u09bc"
    },
    {
      "sura_no": "53",
      "sura_name": "\u0986\u09a8-\u09a8\u09be\u099c\u09ae",
      "para": "27",
      "total_ayat": "62",
      "eng_name": "An-Najm",
      "ar_name": "\u0633\u0648\u0631\u0629 \u200f\u0627\u0644\u0646\u062c\u0645\u200e ",
      "bn_meaning": "\u09a4\u09be\u09b0\u09be"
    },
    {
      "sura_no": "54",
      "sura_name": "\u0986\u09b2 \u0995\u09cd\u09ac\u09be\u09ae\u09be\u09b0",
      "para": "27",
      "total_ayat": "55",
      "eng_name": "Al-Qamar",
      "ar_name": "\u0633\u0648\u0631\u0629 \u200f\u0627\u0644\u0642\u0645\u0631\u200e ",
      "bn_meaning": "\u099a\u09a8\u09cd\u09a6\u09cd\u09b0"
    },
    {
      "sura_no": "55",
      "sura_name": "\u0986\u09b0 \u09b0\u09b9\u09ae\u09be\u09a8",
      "para": "27",
      "total_ayat": "78",
      "eng_name": "Ar-Rahman",
      "ar_name": "\u0633\u0648\u0631\u0629 \u200f\u0627\u0644\u0631\u062d\u0645\u0646\u200e ",
      "bn_meaning": "\u09aa\u09b0\u09ae \u0995\u09b0\u09c1\u09a3\u09be\u09ae\u09af\u09bc"
    },
    {
      "sura_no": "56",
      "sura_name": "\u0986\u09b2 \u0993\u09df\u09be\u0995\u09cd\u09ac\u09bf\u09df\u09be",
      "para": "27",
      "total_ayat": "96",
      "eng_name": "Al-Waqi'a",
      "ar_name": "\u0633\u0648\u0631\u0629 \u200f\u0627\u0644\u0648\u0627\u0642\u0639\u0629\u200e ",
      "bn_meaning": "\u09a8\u09bf\u09b6\u09cd\u099a\u09bf\u09a4 \u0998\u099f\u09a8\u09be"
    },
    {
      "sura_no": "57",
      "sura_name": "\u0986\u09b2 \u09b9\u09be\u09a6\u09c0\u09a6",
      "para": "27",
      "total_ayat": "29",
      "eng_name": "Al-Hadid",
      "ar_name": "\u0633\u0648\u0631\u0629 \u200f\u0627\u0644\u062d\u062f\u064a\u062f\u200e",
      "bn_meaning": "\u09b2\u09cb\u09b9\u09be"
    },
    {
      "sura_no": "58",
      "sura_name": "\u0986\u09b2 \u09ae\u09c1\u099c\u09be\u09a6\u09be\u09b2\u09be\u09b9",
      "para": "28",
      "total_ayat": "22",
      "eng_name": "Al-Mujadila",
      "ar_name": "\u0633\u0648\u0631\u0629 \u200f\u0627\u0644\u0645\u062c\u0627\u062f\u0644\u0629\u200e ",
      "bn_meaning": "\u0985\u09a8\u09c1\u09af\u09cb\u0997\u0995\u09be\u09b0\u09bf\u09a3\u09c0"
    },
    {
      "sura_no": "59",
      "sura_name": "\u0986\u09b2 \u09b9\u09be\u09b6\u09b0",
      "para": "28",
      "total_ayat": "24",
      "eng_name": "Al-Hashr",
      "ar_name": "\u0633\u0648\u0631\u0629 \u200f\u0627\u0644\u062d\u0634\u0631\u200e ",
      "bn_meaning": "\u09b8\u09ae\u09be\u09ac\u09c7\u09b6"
    },
    {
      "sura_no": "60",
      "sura_name": "\u0986\u09b2 \u09ae\u09c1\u09ae\u09a4\u09be\u09b9\u09bf\u09a8\u09be",
      "para": "28",
      "total_ayat": "13",
      "eng_name": "Al-Mumtahana",
      "ar_name": "\u0633\u0648\u0631\u0629 \u200f\u0627\u0644\u0645\u0645\u062a\u062d\u0646\u0629\u200e",
      "bn_meaning": "\u09a8\u09be\u09b0\u09c0 \u09af\u09be\u0995\u09c7 \u09aa\u09b0\u09bf\u0995\u09cd\u09b7\u09be \u0995\u09b0\u09be \u09b9\u09ac\u09c7"
    },
    {
      "sura_no": "61",
      "sura_name": "\u0986\u099b-\u099b\u09ab",
      "para": "28",
      "total_ayat": "14",
      "eng_name": "As-Saff",
      "ar_name": "\u0633\u0648\u0631\u0629 \u200f\u0627\u0644\u0635\u0641\u200e ",
      "bn_meaning": "\u09b8\u09be\u09b0\u09ac\u09a8\u09cd\u09a6\u09c0 \u09b8\u09c8\u09a8\u09cd\u09af\u09a6\u09b2"
    },
    {
      "sura_no": "62",
      "sura_name": "\u0986\u09b2 \u099c\u09c1\u09ae\u09c1\u0986\u09b9",
      "para": "28",
      "total_ayat": "11",
      "eng_name": "Al-Jumu'a",
      "ar_name": "\u0633\u0648\u0631\u0629 \u200f\u0627\u0644\u062c\u0645\u0639\u0629\u200e ",
      "bn_meaning": "\u09b8\u09ae\u09cd\u09ae\u09c7\u09b2\u09a8\/\u09b6\u09c1\u0995\u09cd\u09b0\u09ac\u09be\u09b0"
    },
    {
      "sura_no": "63",
      "sura_name": "\u09ae\u09c1\u09a8\u09be\u09ab\u09bf\u0995\u09c1\u09a8",
      "para": "28",
      "total_ayat": "11",
      "eng_name": "Al-Munafiqun",
      "ar_name": "\u0633\u0648\u0631\u0629 \u200f\u0627\u0644\u0645\u0646\u0627\u0641\u0642\u0648\u0646\u200e ",
      "bn_meaning": "\u0995\u09aa\u099f \u09ac\u09bf\u09b6\u09cd\u09ac\u09be\u09b8\u09c0\u0997\u09a3"
    },
    {
      "sura_no": "64",
      "sura_name": "\u0986\u09a4-\u09a4\u09be\u0997\u09be\u09ac\u09c1\u09a8",
      "para": "28",
      "total_ayat": "18",
      "eng_name": "At-Tagabun",
      "ar_name": "\u0633\u0648\u0631\u0629 \u200f\u0627\u0644\u062a\u063a\u0627\u0628\u0646",
      "bn_meaning": "\u09ae\u09cb\u09b9 \u0985\u09aa\u09b8\u09be\u09b0\u09a3"
    },
    {
      "sura_no": "65",
      "sura_name": "\u0986\u09a4\u09cd\u09ac-\u09a4\u09cd\u09ac\u09be\u09b2\u09be\u0995\u09cd\u09ac",
      "para": "28",
      "total_ayat": "12",
      "eng_name": "At-Talaq",
      "ar_name": "\u0633\u0648\u0631\u0629 \u200f\u0627\u0644\u0637\u0644\u0627\u0642\u200e ",
      "bn_meaning": "\u09a4\u09be\u09b2\u09be\u0995"
    },
    {
      "sura_no": "66",
      "sura_name": "\u0986\u09a4-\u09a4\u09be\u09b9\u09b0\u09c0\u09ae",
      "para": "28",
      "total_ayat": "12",
      "eng_name": "At-Tahrim",
      "ar_name": "\u0633\u0648\u0631\u0629 \u200f\u0627\u0644\u062a\u062d\u0631\u064a\u0645\u200e ",
      "bn_meaning": "\u09a8\u09bf\u09b7\u09bf\u09a6\u09cd\u09a7\u0995\u09b0\u09a3"
    },
    {
      "sura_no": "67",
      "sura_name": "\u0986\u09b2 \u09ae\u09c1\u09b2\u0995",
      "para": "29",
      "total_ayat": "30",
      "eng_name": "Al-Mulk",
      "ar_name": "\u0633\u0648\u0631\u0629 \u200f\u0627\u0644\u0645\u0644\u0643\u200e",
      "bn_meaning": "\u09b8\u09be\u09b0\u09cd\u09ac\u09ad\u09cc\u09ae \u0995\u09b0\u09cd\u09a4\u09c3\u09a4\u09cd\u09ac"
    },
    {
      "sura_no": "68",
      "sura_name": "\u0986\u09b2 \u0995\u09b2\u09ae",
      "para": "29",
      "total_ayat": "52",
      "eng_name": "Al-Qalam",
      "ar_name": "\u0633\u0648\u0631\u0629 \u200f\u0627\u0644\u0642\u0644\u0645\u200e ",
      "bn_meaning": "\u0995\u09b2\u09ae"
    },
    {
      "sura_no": "69",
      "sura_name": "\u0986\u09b2 \u09b9\u09be\u0995\u09cd\u09ac\u0995\u09cd\u09ac\u09be\u09b9",
      "para": "29",
      "total_ayat": "52",
      "eng_name": "Al-Haqqa",
      "ar_name": "\u0633\u0648\u0631\u0629 \u200f\u0627\u0644\u062d\u0627\u0642\u0629\u200e ",
      "bn_meaning": "\u09a8\u09bf\u09b6\u09cd\u099a\u09bf\u09a4 \u09b8\u09a4\u09cd\u09af"
    },
    {
      "sura_no": "70",
      "sura_name": "\u0986\u09b2 \u09ae\u09be'\u0986\u09b0\u09bf\u099c",
      "para": "29",
      "total_ayat": "44",
      "eng_name": "Al-Ma'arij",
      "ar_name": "\u0633\u0648\u0631\u0629 \u200f\u0627\u0644\u0645\u0639\u0627\u0631\u062c\u200e ",
      "bn_meaning": "\u0989\u09a8\u09cd\u09a8\u09af\u09bc\u09a8\u09c7\u09b0 \u09b8\u09cb\u09aa\u09be\u09a8"
    },
    {
      "sura_no": "71",
      "sura_name": "\u09a8\u09c2\u09b9",
      "para": "29",
      "total_ayat": "28",
      "eng_name": "Nuh",
      "ar_name": "\u0633\u0648\u0631\u0629 \u200f\u0646\u0648\u062d\u200e ",
      "bn_meaning": "\u09a8\u09ac\u09c0 \u09a8\u09c2\u09b9"
    },
    {
      "sura_no": "72",
      "sura_name": "\u0986\u09b2 \u099c\u09bf\u09a8",
      "para": "29",
      "total_ayat": "28",
      "eng_name": "Al-Jinn",
      "ar_name": "\u0633\u0648\u0631\u0629 \u200f\u0627\u0644\u062c\u0646\u200e ",
      "bn_meaning": "\u099c\u09cd\u09ac\u09bf\u09a8 \u09b8\u09ae\u09cd\u09aa\u09cd\u09b0\u09a6\u09be\u09af\u09bc"
    },
    {
      "sura_no": "73",
      "sura_name": "\u09ae\u09c1\u09af\u09af\u09be\u09ae\u09ae\u09bf\u09b2",
      "para": "29",
      "total_ayat": "20",
      "eng_name": "Al-Muzzammil",
      "ar_name": "\u0633\u0648\u0631\u0629 \u200f\u0627\u0644\u0645\u0632\u0645\u0644\u200e ",
      "bn_meaning": "\u09ac\u09b8\u09cd\u09a4\u09cd\u09b0\u09be\u099a\u09cd\u099b\u09be\u09a6\u09a8\u0995\u09be\u09b0\u09c0"
    },
    {
      "sura_no": "74",
      "sura_name": "\u0986\u09b2 \u09ae\u09c1\u09a6\u09cd\u09a6\u09be\u09b8\u09b8\u09bf\u09b0",
      "para": "29",
      "total_ayat": "56",
      "eng_name": "Al-Muddathth",
      "ar_name": "\u0633\u0648\u0631\u0629 \u200f\u0627\u0644\u0645\u062f\u062b\u0631\u200e",
      "bn_meaning": "\u09aa\u09cb\u09b6\u09be\u0995 \u09aa\u09b0\u09bf\u09b9\u09bf\u09a4"
    },
    {
      "sura_no": "75",
      "sura_name": "\u0986\u09b2 \u0995\u09cd\u09ac\u09c7\u09df\u09be\u09ae\u09be\u09b9",
      "para": "29",
      "total_ayat": "40",
      "eng_name": "Al-Qiyamat",
      "ar_name": "\u0633\u0648\u0631\u0629 \u200f\u0627\u0644\u0642\u064a\u0627\u0645\u0629\u200e ",
      "bn_meaning": "\u09aa\u09c1\u09a8\u09b0\u09c1\u09cd\u09a4\u09cd\u09a4\u09be\u09a8"
    },
    {
      "sura_no": "76",
      "sura_name": "\u0986\u09a6-\u09a6\u09be\u09b9\u09b0",
      "para": "29",
      "total_ayat": "31",
      "eng_name": "Ad-Dahr",
      "ar_name": "\u0633\u0648\u0631\u0629 \u200f\u0627\u0644\u0625\u0646\u0633\u0627\u0646\u200e ",
      "bn_meaning": "\u09b8\u09ae\u09af\u09bc"
    },
    {
      "sura_no": "77",
      "sura_name": "\u0986\u09b2 \u09ae\u09c1\u09b0\u09b8\u09be\u09b2\u09be\u09a4",
      "para": "29",
      "total_ayat": "50",
      "eng_name": "Al-Mursalat",
      "ar_name": "\u0633\u0648\u0631\u0629 \u200f\u0627\u0644\u0645\u0631\u0633\u0644\u0627\u062a\u200e ",
      "bn_meaning": "\u09aa\u09cd\u09b0\u09c7\u09b0\u09bf\u09a4 \u09aa\u09c1\u09b0\u09c1\u09b7\u0997\u09a3"
    },
    {
      "sura_no": "78",
      "sura_name": "\u0986\u09a8-\u09a8\u09be\u09ac\u09be",
      "para": "30",
      "total_ayat": "40",
      "eng_name": "An-Nabaa",
      "ar_name": "\u0633\u0648\u0631\u0629 \u200f\u0627\u0644\u0646\u0628\u0623\u200e ",
      "bn_meaning": "\u09ae\u09b9\u09be\u09b8\u0982\u09ac\u09be\u09a6"
    },
    {
      "sura_no": "79",
      "sura_name": "\u0986\u09a8-\u09a8\u09af\u09bf\u0986'\u09a4",
      "para": "30",
      "total_ayat": "46",
      "eng_name": "An-Nazi'at",
      "ar_name": "\u0633\u0648\u0631\u0629 \u200f\u0627\u0644\u0646\u0627\u0632\u0639\u0627\u062a\u200e ",
      "bn_meaning": "\u09aa\u09cd\u09b0\u099a\u09c7\u09b7\u09cd\u099f\u09be\u0995\u09be\u09b0\u09c0"
    },
    {
      "sura_no": "80",
      "sura_name": "\u0986\u09ac\u09be\u09b8\u09be",
      "para": "30",
      "total_ayat": "42",
      "eng_name": "Abasa",
      "ar_name": "\u0633\u0648\u0631\u0629 \u200f\u0639\u0628\u0633\u200e",
      "bn_meaning": "\u09a4\u09bf\u09a8\u09bf \u09ad\u09cd\u09b0\u09c1\u0995\u09c1\u099f\u09bf \u0995\u09b0\u09b2\u09c7\u09a8"
    },
    {
      "sura_no": "81",
      "sura_name": "\u0986\u09a4-\u09a4\u09be\u0995\u09ad\u09c0\u09b0",
      "para": "30",
      "total_ayat": "29",
      "eng_name": "At-Takwir",
      "ar_name": "\u0633\u0648\u0631\u0629 \u200f\u0627\u0644\u062a\u0643\u0648\u064a\u0631\u200e ",
      "bn_meaning": "\u0985\u09a8\u09cd\u09a7\u0995\u09be\u09b0\u09be\u099a\u09cd\u099b\u09a8\u09cd\u09a8"
    },
    {
      "sura_no": "82",
      "sura_name": "\u0986\u09b2 \u0987\u09a8\u09ab\u09bf\u09a4\u09be\u09b0",
      "para": "30",
      "total_ayat": "19",
      "eng_name": "Al-Infitar",
      "ar_name": "\u0633\u0648\u0631\u0629 \u200f\u0627\u0644\u0625\u0646\u0641\u0637\u0627\u0631\u200e",
      "bn_meaning": "\u09ac\u09bf\u09a6\u09c0\u09b0\u09cd\u09a3 \u0995\u09b0\u09be"
    },
    {
      "sura_no": "83",
      "sura_name": "আল-মুতাফফিফীন",
      "para": "30",
      "total_ayat": "36",
      "eng_name": "Al-Mutaffifin",
      "ar_name": "المطففين",
      "bn_meaning": "\u09aa\u09cd\u09b0\u09a4\u09be\u09b0\u09a3\u09be \u0995\u09b0\u09be"
    },
    {
      "sura_no": "84",
      "sura_name": "\u0986\u09b2 \u0987\u09a8\u09b6\u09bf\u0995\u09cd\u09ac\u09be\u0995\u09cd\u09ac",
      "para": "30",
      "total_ayat": "25",
      "eng_name": "Al-Inshiqaq",
      "ar_name": "\u0633\u0648\u0631\u0629 \u200f\u0627\u0644\u0625\u0646\u0634\u0642\u0627\u0642\u200e ",
      "bn_meaning": "\u0996\u09a8\u09cd\u09a1-\u09ac\u09bf\u0996\u09a8\u09cd\u09a1 \u0995\u09b0\u09a3"
    },
    {
      "sura_no": "85",
      "sura_name": "\u0986\u09b2 \u09ac\u09c1\u09b0\u09c2\u099c",
      "para": "30",
      "total_ayat": "22",
      "eng_name": "Al-Buruj",
      "ar_name": "\u0633\u0648\u0631\u0629 \u200f\u0627\u0644\u0628\u0631\u0648\u062c\u200e ",
      "bn_meaning": "\u09a8\u0995\u09cd\u09b7\u09a4\u09cd\u09b0\u09aa\u09c1\u09a8\u09cd\u099c"
    },
    {
      "sura_no": "86",
      "sura_name": "\u0986\u09a4\u09cd\u09ac-\u09a4\u09be\u09b0\u09bf\u0995\u09cd\u09ac",
      "para": "30",
      "total_ayat": "17",
      "eng_name": "At-Tariq",
      "ar_name": "\u0633\u0648\u0631\u0629 \u200f\u0627\u0644\u0637\u0627\u0631\u0642\u200e  ",
      "bn_meaning": "\u09b0\u09be\u09a4\u09c7\u09b0 \u0986\u0997\u09a8\u09cd\u09a4\u09c1\u0995"
    },
    {
      "sura_no": "87",
      "sura_name": "\u0986\u09b2 \u0986'\u09b2\u09be",
      "para": "30",
      "total_ayat": "19",
      "eng_name": "Al-A'la",
      "ar_name": "\u0633\u0648\u0631\u0629 \u200f\u0627\u0644\u0623\u0639\u0644\u0649\u200e ",
      "bn_meaning": "\u09b8\u09b0\u09cd\u09ac\u09cb\u09a8\u09cd\u09a8\u09a4"
    },
    {
      "sura_no": "88",
      "sura_name": "\u0986\u09b2 \u0997\u09be\u09b6\u09bf\u09df\u09be\u09b9",
      "para": "30",
      "total_ayat": "26",
      "eng_name": "Al-Gashiya",
      "ar_name": "\u0633\u0648\u0631\u0629 \u200f\u0627\u0644\u063a\u0627\u0634\u064a\u0629\u200e ",
      "bn_meaning": "\u09ac\u09bf\u09b9\u09cd\u09ac\u09b2\u0995\u09b0 \u0998\u099f\u09a8\u09be"
    },
    {
      "sura_no": "89",
      "sura_name": "\u0986\u09b2 \u09ab\u099c\u09b0",
      "para": "30",
      "total_ayat": "30",
      "eng_name": "Al-Fajr",
      "ar_name": "\u0633\u0648\u0631\u0629 \u200f\u0627\u0644\u0641\u062c\u0631\u200e ",
      "bn_meaning": "\u09ad\u09cb\u09b0\u09ac\u09c7\u09b2\u09be"
    },
    {
      "sura_no": "90",
      "sura_name": "\u0986\u09b2 \u09ac\u09be\u09b2\u09be\u09a6",
      "para": "30",
      "total_ayat": "20",
      "eng_name": "Al-Balad",
      "ar_name": "\u0633\u0648\u0631\u0629 \u0627\u0644\u0628\u0644\u062f ",
      "bn_meaning": "\u09a8\u0997\u09b0"
    },
    {
      "sura_no": "91",
      "sura_name": "\u0986\u09b6-\u09b6\u09be\u09ae\u09b8",
      "para": "30",
      "total_ayat": "15",
      "eng_name": "Ash-Shams",
      "ar_name": "\u0633\u0648\u0631\u0629 \u200f\u0627\u0644\u0634\u0645\u0633\u200e  ",
      "bn_meaning": "\u09b8\u09c2\u09b0\u09cd\u09af"
    },
    {
      "sura_no": "92",
      "sura_name": "\u0986\u09b2 \u09b2\u09be\u09df\u09b2",
      "para": "30",
      "total_ayat": "21",
      "eng_name": "Al-Lail",
      "ar_name": "\u0633\u0648\u0631\u0629 \u200f\u0627\u0644\u0644\u064a\u0644\u200e  ",
      "bn_meaning": "\u09b0\u09be\u09a4\u09cd\u09b0\u09bf"
    },
    {
      "sura_no": "93",
      "sura_name": "\u0986\u09a6\u09cd\u09ac-\u09a6\u09cd\u09ac\u09c7\u09be\u09b9\u09be",
      "para": "30",
      "total_ayat": "11",
      "eng_name": "Adh-Dhuha",
      "ar_name": "\u0633\u0648\u0631\u0629 \u200f\u0627\u0644\u0636\u062d\u0649\u200e  ",
      "bn_meaning": "\u09aa\u09c2\u09b0\u09cd\u09ac\u09be\u09b9\u09cd\u09a8\u09c7\u09b0 \u09b8\u09c1\u09b0\u09cd\u09af\u0995\u09bf\u09b0\u09a3"
    },
    {
      "sura_no": "94",
      "sura_name": "\u0987\u09a8\u09b6\u09bf\u09b0\u09be\u09b9",
      "para": "30",
      "total_ayat": "8",
      "eng_name": "Al-Insharh",
      "ar_name": "\u0633\u0648\u0631\u0629 \u200f\u0627\u0644\u0634\u0631\u062d\u200e ",
      "bn_meaning": "\u09ac\u0995\u09cd\u09b7 \u09aa\u09cd\u09b0\u09b6\u09b8\u09cd\u09a4\u0995\u09b0\u09a3"
    },
    {
      "sura_no": "95",
      "sura_name": "\u09a4\u09cd\u09ac\u09c0\u09a8",
      "para": "30",
      "total_ayat": "8",
      "eng_name": "At-Tin",
      "ar_name": "\u0633\u0648\u0631\u0629 \u200f\u0627\u0644\u062a\u064a\u0646\u200e  ",
      "bn_meaning": "\u09a1\u09c1\u09ae\u09c1\u09b0"
    },
    {
      "sura_no": "96",
      "sura_name": "\u0986\u09b2\u09be\u0995",
      "para": "30",
      "total_ayat": "19",
      "eng_name": "Al-Alaq",
      "ar_name": "\u0633\u0648\u0631\u0629 \u200f\u0627\u0644\u0639\u0644\u0642\u200e ",
      "bn_meaning": "\u09b0\u0995\u09cd\u09a4\u09aa\u09bf\u09a8\u09cd\u09a1"
    },
    {
      "sura_no": "97",
      "sura_name": "\u0995\u09a6\u09b0",
      "para": "30",
      "total_ayat": "5",
      "eng_name": "Al-Qadr",
      "ar_name": "\u0633\u0648\u0631\u0629 \u200f\u0627\u0644\u0642\u062f\u0631\u200e  ",
      "bn_meaning": "\u09ae\u09b9\u09bf\u09ae\u09be\u09a8\u09cd\u09ac\u09bf\u09a4"
    },
    {
      "sura_no": "98",
      "sura_name": "\u09ac\u09be\u0987\u09df\u09cd\u09af\u09bf\u09a8\u09be\u09b9",
      "para": "30",
      "total_ayat": "8",
      "eng_name": "Al-Baiyina",
      "ar_name": "\u0633\u0648\u0631\u0629 \u200f\u0627\u0644\u0628\u064a\u0646\u0629\u200e  ",
      "bn_meaning": "\u09b8\u09c1\u09b8\u09cd\u09aa\u09b7\u09cd\u099f \u09aa\u09cd\u09b0\u09ae\u09be\u09a3"
    },
    {
      "sura_no": "99",
      "sura_name": "\u09af\u09bf\u09b2\u09af\u09be\u09b2",
      "para": "30",
      "total_ayat": "8",
      "eng_name": "Al-Zalzalah",
      "ar_name": "\u0633\u0648\u0631\u0629 \u0627\u0644\u0632\u0644\u0632\u0644\u0629 ",
      "bn_meaning": "\u09ad\u09c2\u09ae\u09bf\u0995\u09ae\u09cd\u09aa"
    },
    {
      "sura_no": "100",
      "sura_name": "\u0986\u09a6\u09bf\u09df\u09be\u09a4",
      "para": "30",
      "total_ayat": "11",
      "eng_name": "Al-Adiyat",
      "ar_name": "\u0633\u0648\u0631\u0629 \u200f\u0627\u0644\u0639\u0627\u062f\u064a\u0627\u062a\u200e ",
      "bn_meaning": "\u0985\u09ad\u09bf\u09af\u09be\u09a8\u0995\u09be\u09b0\u09c0"
    },
    {
      "sura_no": "101",
      "sura_name": "\u0995\u09be\u09b0\u09c7\u09df\u09be",
      "para": "30",
      "total_ayat": "11",
      "eng_name": "Al-Qari'a",
      "ar_name": "\u0633\u0648\u0631\u0629 \u200f\u0627\u0644\u0642\u0627\u0631\u0639\u0629\u200e ",
      "bn_meaning": "\u09ae\u09b9\u09be\u09b8\u0982\u0995\u099f"
    },
    {
      "sura_no": "102",
      "sura_name": "\u09a4\u09be\u0995\u09be\u09b8\u09c2\u09b0",
      "para": "30",
      "total_ayat": "8",
      "eng_name": "At-Takathur",
      "ar_name": "\u0633\u0648\u0631\u0629 \u200f\u0627\u0644\u062a\u0643\u0627\u062b\u0631\u200e  ",
      "bn_meaning": "\u09aa\u09cd\u09b0\u09be\u099a\u09c1\u09b0\u09cd\u09af\u09c7\u09b0 \u09aa\u09cd\u09b0\u09a4\u09bf\u09af\u09cb\u0997\u09bf\u09a4\u09be"
    },
    {
      "sura_no": "103",
      "sura_name": "\u0986\u09b8\u09b0",
      "para": "30",
      "total_ayat": "3",
      "eng_name": "Al-Asr",
      "ar_name": "\u0633\u0648\u0631\u0629 \u200f\u0627\u0644\u0639\u0635\u0631\u200e  ",
      "bn_meaning": "\u09b8\u09ae\u09af\u09bc"
    },
    {
      "sura_no": "104",
      "sura_name": "\u09b9\u09c1\u09ae\u09be\u09af\u09be\u09b9",
      "para": "30",
      "total_ayat": "9",
      "eng_name": "Al-Humaza",
      "ar_name": "\u0633\u0648\u0631\u0629 \u200f\u0627\u0644\u0647\u0645\u0632\u0629\u200e  ",
      "bn_meaning": "\u09aa\u09b0\u09a8\u09bf\u09a8\u09cd\u09a6\u09be\u0995\u09be\u09b0\u09c0"
    },
    {
      "sura_no": "105",
      "sura_name": "\u0986\u09b2 \u09ab\u09c0\u09b2",
      "para": "30",
      "total_ayat": "5",
      "eng_name": "Al-Fil",
      "ar_name": "\u0633\u0648\u0631\u0629 \u200f\u0627\u0644\u0641\u064a\u0644\u200e  ",
      "bn_meaning": "\u09b9\u09be\u09a4\u09bf"
    },
    {
      "sura_no": "106",
      "sura_name": "\u0995\u09c1\u09b0\u09be\u0987\u09b6",
      "para": "30",
      "total_ayat": "4",
      "eng_name": "Quraish",
      "ar_name": "\u0633\u0648\u0631\u0629 \u200f\u0642\u0631\u064a\u0634\u200e  ",
      "bn_meaning": "\u0995\u09c1\u09b0\u09be\u0987\u09b6 \u0997\u09cb\u09a4\u09cd\u09b0"
    },
    {
      "sura_no": "107",
      "sura_name": "\u09ae\u09be\u098a\u09a8",
      "para": "30",
      "total_ayat": "7",
      "eng_name": "Al-Ma'un",
      "ar_name": "\u0633\u0648\u0631\u0629 \u200f\u0627\u0644\u0645\u0627\u0639\u0648\u0646\u200e ",
      "bn_meaning": "\u09b8\u09be\u09b9\u09be\u09af\u09cd\u09af-\u09b8\u09b9\u09be\u09af\u09bc\u09a4\u09be"
    },
    {
      "sura_no": "108",
      "sura_name": "\u0995\u09be\u0993\u09b8\u09be\u09b0",
      "para": "30",
      "total_ayat": "3",
      "eng_name": "Al-Kauthar",
      "ar_name": "\u0633\u0648\u0631\u0629 \u200f\u0627\u0644\u0643\u0648\u062b\u0631\u200e  ",
      "bn_meaning": "\u09aa\u09cd\u09b0\u09be\u099a\u09c1\u09b0\u09cd\u09af"
    },
    {
      "sura_no": "109",
      "sura_name": "\u0995\u09be\u09ab\u09bf\u09b0\u09c1\u09a8",
      "para": "30",
      "total_ayat": "6",
      "eng_name": "Al-Kafirun",
      "ar_name": "\u0633\u0648\u0631\u0629 \u200f\u0627\u0644\u0643\u0627\u0641\u0631\u0648\u0646\u200e ",
      "bn_meaning": "\u0985\u09ac\u09bf\u09b6\u09cd\u09ac\u09be\u09b8\u09c0 \u0997\u09cb\u09b7\u09cd\u09a0\u09c0"
    },
    {
      "sura_no": "110",
      "sura_name": "\u0986\u09a8 \u09a8\u09be\u09b8\u09b0",
      "para": "30",
      "total_ayat": "3",
      "eng_name": "An-Nasr",
      "ar_name": "\u0633\u0648\u0631\u0629 \u0627\u0644\u0646\u0635\u0631 ",
      "bn_meaning": "\u09b8\u09cd\u09ac\u09b0\u09cd\u0997\u09c0\u09af\u09bc \u09b8\u09be\u09b9\u09be\u09af\u09cd\u09af"
    },
    {
      "sura_no": "111",
      "sura_name": "\u09b2\u09be\u09b9\u09be\u09ac",
      "para": "30",
      "total_ayat": "5",
      "eng_name": "Lahab",
      "ar_name": "\u0633\u0648\u0631\u0629 \u200f\u0627\u0644\u0645\u0633\u062f\u200e  ",
      "bn_meaning": "\u099c\u09cd\u09ac\u09b2\u09a8\u09cd\u09a4 \u0985\u0999\u09cd\u0997\u09be\u09b0"
    },
    {
      "sura_no": "112",
      "sura_name": "\u0986\u09b2 \u0987\u0996\u09b2\u09be\u09b8",
      "para": "30",
      "total_ayat": "4",
      "eng_name": "Al-Ikhlas",
      "ar_name": "\u0633\u0648\u0631\u0629 \u200f\u0644\u0625\u062e\u0644\u0627\u0635\u200e  ",
      "bn_meaning": "\u098f\u0995\u09a4\u09cd\u09ac"
    },
    {
      "sura_no": "113",
      "sura_name": "\u0986\u09b2 \u09ab\u09be\u09b2\u09be\u0995\u09cd\u09ac",
      "para": "30",
      "total_ayat": "5",
      "eng_name": "Al-Falaq",
      "ar_name": "\u0633\u0648\u0631\u0629 \u200f\u0627\u0644\u0641\u0644\u0642\u200e  ",
      "bn_meaning": "\u09a8\u09bf\u09b6\u09bf\u09ad\u09cb\u09b0"
    },
    {
      "sura_no": "114",
      "sura_name": "\u0986\u09a8 \u09a8\u09be\u09b8",
      "para": "30",
      "total_ayat": "6",
      "eng_name": "Al-Nas",
      "ar_name": "\u0633\u0648\u0631\u0629 \u200f\u0627\u0644\u0646\u0627\u0633\u200e  ",
      "bn_meaning": "\u09ae\u09be\u09a8\u09ac\u099c\u09be\u09a4\u09bf"
    }
  ]
}